individualID,domainID,taxonID,subsample1Height,scientificName,elevation,siteID,decimalLatitude,decimalLongitude,leafMassPerArea,dryMassFraction,ligninPercent,cellulosePercent,foliarPhosphorusConc,foliarPotassiumConc,foliarCalciumConc,extractChlAConc,extractChlBConc,extractCarotConc,foliarMagnesiumConc,foliarSulfurConc,foliarManganeseConc,foliarIronConc,foliarCopperConc,foliarBoronConc,foliarZincConc,nitrogenPercent,carbonPercent
NEON.PLA.D02.SCBI.00003,D02,JUNI,25,Juglans nigra L.,316.8,SCBI,38.895212,-78.142701,81.4,0.386,16.39,17.43,0.22,2.05,1.57,12.45,4.15,4.03,0.67,0.12,105.2,65.6,10.1,53.9,25.2,2.83,47.205
NEON.PLA.D02.SCBI.00011,D02,FRAM2,20.3,Fraxinus americana L.,316.8,SCBI,38.895212,-78.142701,95.2,0.446,15.53,23.03,0.29,1.09,1.49,11.02,3.3,2.82,0.3,0.18,48.7,71.4,10.8,30.5,24.4,2.12,47.24
NEON.PLA.D02.SCBI.00279,D02,FRAM2,25.1,Fraxinus americana L.,269.8,SCBI,38.900539,-78.161859,82,0.49,17.455,19.33,0.22,0.885,0.985,9.99,2.96,2.64,0.37,0.175,30.5,67.5,6.75,19.05,24.549999999999997,2.24,49.67
NEON.PLA.D02.SCBI.01103,D02,QUAL,21.3,Quercus alba L.,336.7,SCBI,38.887763,-78.147164,58.5,0.4,17.04,17.22,0.17,0.41,1.67,10.94,3.5,2.38,0.22,0.12,835.7,64.9,8.2,57.3,53.9,2.43,47.9
NEON.PLA.D02.SCBI.01151,D02,JUNI,24.1,Juglans nigra L.,312.6,SCBI,38.896935,-78.146456,65.1,0.376,16.3,14.53,0.16,1.68,1.98,9.52,3.01,3.2,0.55,0.11,67.5,53.2,25.1,46.9,16.5,2.25,47.51
NEON.PLA.D02.SCBI.01496,D02,LITU,27.8,Liriodendron tulipifera L.,314.3,SCBI,38.874379,-78.163985,93.5,0.458,17.5,21.68,0.21,0.77,1.95,12.01,4.05,2.7,0.46,0.14,241.8,61.4,9.7,13.4,22,2.26,47.18
NEON.PLA.D02.SCBI.01531,D02,QURU,27.3,Quercus rubra L.,314.3,SCBI,38.874379,-78.163985,108.7,0.482,27.5,19.91,0.14,0.47,0.83,10.49,3.06,2.39,0.17,0.12,824.6,53.1,6.3,33.5,18.1,2.78,51.18
NEON.PLA.D02.SCBI.01594,D02,CAOV3,4.3,Carya ovalis (Wangenh.) Sarg.,567.7,SCBI,38.883305,-78.120382,55.1,0.419,16.99,24.96,0.11,1.56,1.1,12.71,4.03,2.83,0.33,0.13,202.7,63,7.8,58.4,23.2,2.04,45.37
NEON.PLA.D02.SCBI.01630,D02,LITU,15,Liriodendron tulipifera L.,412.1,SCBI,38.884907,-78.13032,55.3,0.334,20.27,24.49,0.17,0.81,1.41,14.52,5.17,2.95,0.48,0.14,650.4,76.8,10.6,17.7,67.6,2.33,47.63
NEON.PLA.D02.SCBI.01655,D02,QURU,8.2,Quercus rubra L.,412.1,SCBI,38.884907,-78.13032,62.2,0.494,26.51,21.16,0.16,0.72,1.01,13.08,4.24,2.81,0.25,0.13,165.4,55,8.3,44.3,29.4,2.23,48.65
NEON.PLA.D02.SCBI.01917,D02,ACNEN,5.6,Acer negundo L. var. negundo,493.3,SCBI,38.88477,-78.12516,32.8,0.244,15.15,20.41,0.28,1.47,1.58,9.69,3.6,2.14,0.5,0.23,174.9,109.9,6.2,58.1,40.9,3.11,46.49
NEON.PLA.D02.SCBI.01925,D02,ACNEN,7.7,Acer negundo L. var. negundo,493.3,SCBI,38.88477,-78.12516,52.6,0.32,17.21,17.44,0.19,1.58,1.13,8.15,2.84,2.25,0.44,0.2,1010.5,69.8,6.1,69.8,33,2.82,48.27
NEON.PLA.D02.SCBI.02256,D02,LITU,15.7,Liriodendron tulipifera L.,397,SCBI,38.894261,-78.137200000000007,58.5,0.32,19.51,21.88,0.12,1.1,1.17,10.99,3.73,2.52,0.45,0.13,146.2,56.2,5.9,21.3,38,2.53,48.39
NEON.PLA.D02.SCBI.02267,D02,JUNI,14.4,Juglans nigra L.,397,SCBI,38.894261,-78.137200000000007,85.3,0.386,14.49,16.79,0.18,1.35,0.62,10.24,3.17,3.32,0.32,0.13,134.6,43.2,5.5,22.3,22.8,2.61,48.09
NEON.PLA.D02.SCBI.02369,D02,JUNI,13.6,Juglans nigra L.,415.9,SCBI,38.893934,-78.135517,54.2,0.345,10.93,21.44,0.26,1.3,2.17,14.8,4.91,4.01,0.36,0.12,1381.8,40,7.6,60.7,27.7,2.91,46.4
NEON.PLA.D02.SCBI.02392,D02,LITU,14.2,Liriodendron tulipifera L.,415.9,SCBI,38.893934,-78.135517,58,0.29,18.98,21.44,0.23,1.62,0.8,9.79,3.14,2.5,0.63,0.14,102.5,53.9,11.8,19.6,21.2,2.12,46.73
NEON.PLA.D02.SCBI.02549,D02,JUNI,24.3,Juglans nigra L.,365.1,SCBI,38.894615,-78.13964,84.5,0.39,17.86,16.27,0.14,0.89,1.47,12.56,3.64,3.47,0.39,0.11,499,62.5,8.4,40,28.3,2.4,48.63
NEON.PLA.D02.SCBI.02574,D02,LITU,24.7,Liriodendron tulipifera L.,365.1,SCBI,38.894615,-78.13964,83.6,0.339,19.48,18.72,0.125,1.09,0.9,11.97,3.76,2.59,0.6,0.13,1514.75,41.3,8.850000000000001,21.65,28.25,2.28,47.82
NEON.PLA.D02.SCBI.03296,D02,FRAM2,9.7,Fraxinus americana L.,359,SCBI,38.890566,-78.139431,87.8,0.447,17.42,26.509999999999998,0.2,0.87,1.27,10.3,2.91,2.65,0.21,0.15,835.6,62.7,5.6,33.2,26.7,2.22,47.56
NEON.PLA.D02.SCBI.03301,D02,JUNI,9.2,Juglans nigra L.,359,SCBI,38.890566,-78.139431,85.2,0.413,13.15,15.6,0.17,1.48,1.65,9.58,3.37,3.23,0.28,0.11,31.1,55.5,10.4,32.6,15,2.46,47.57
NEON.PLA.D02.SCBI.10954,D02,VITIS,7.4,Vitis sp.,415.9,SCBI,38.893934,-78.135517,41,0.32,9.96,17.44,0.23,1.82,1.37,17,6.44,3.66,0.27,0.16,114.8,54.6,6.4,58.7,23.4,2.89,44.79
NEON.PLA.D02.SCBI.13001,D02,QUVE,27.3,Quercus velutina Lam.,312.6,SCBI,38.896935,-78.146456,107.6,0.478,24.84,19.7,0.1,0.66,0.95,9.94,2.83,2.22,0.24,0.11,138.8,45.3,8.6,30.1,29.2,2.09,46.91
NEON.PLA.D02.SCBI.13002,D02,FRAM2,24,Fraxinus americana L.,312.6,SCBI,38.896935,-78.146456,99.2,0.489,16.52,22.98,0.17,0.99,1.31,8.86,2.68,2.06,0.28,0.17,312.5,75,8.1,41.8,29.5,1.92,48.87
NEON.PLA.D02.SCBI.13004,D02,QUAL,7,Quercus alba L.,269.8,SCBI,38.900539,-78.161859,86.7,0.506,18.81,20.38,0.15,0.58,0.52,11.63,3.58,2.55,0.34,0.12,241.5,38.7,3.6,75.2,12.4,2.55,49
NEON.PLA.D02.SCBI.13006,D02,VITIS,5.9,Vitis sp.,493.3,SCBI,38.88477,-78.12516,39.4,0.221,21.04,21.67,0.18,1.11,2.18,7.93,3.4,0.79,0.27,0.14,150.4,119.3,6.8,36.8,31.7,2.545,44.010000000000005
NEON.PLA.D02.SCBI.13008,D02,VITIS,1.8,Vitis sp.,359,SCBI,38.890566,-78.139431,85.7,0.402,16.69,14.5,0.2,1.46,0.67,7.24,2.26,2.04,0.37,0.14,123.4,51.1,10.9,20.6,20.6,2.045,46.68
NEON.PLA.D02.SCBI.13010Z,D02,QUMO4,25.7,Quercus montana Willd.,314.3,SCBI,38.874379,-78.163985,54.2,0.279,26.14,21.48,0.17,0.36,0.91,14.42,3.91,3.56,0.1,0.12,393.8,56.4,7.9,32.6,18.1,2.26,50.99
NEON.PLA.D02.SCBI.13011,D02,QUMO4,23.9,Quercus montana Willd.,336.7,SCBI,38.887763,-78.147164,81.7,0.448,23.33,20.29,0.13,0.37,0.94,11.76,3.41,2.56,0.13,0.15,266.7,65.4,10.8,30.5,18.2,2.66,50.44
NEON.PLA.D02.SCBI.13012,D02,QURU,29,Quercus rubra L.,336.7,SCBI,38.887763,-78.147164,93.2,0.477,29.01,19.25,0.16,0.92,0.91,11.51,4.12,2.54,0.31,0.13,471.9,45.7,7.2,43.3,12.7,2.2,49.18
NEON.PLA.D02.SCBI.13013,D02,LITU,16.9,Liriodendron tulipifera L.,366.4,SCBI,38.879732,-78.139901,41.2,0.263,12.28,30.16,0.135,1.25,2.245,11.33,4.06,2.47,0.845,0.12,224.3,81.05,11.55,20.6,23.450000000000003,2.17,45.41
NEON.PLA.D02.SCBI.13014,D02,LITU,17.9,Liriodendron tulipifera L.,366.4,SCBI,38.879732,-78.139901,57.1,0.285,21.16,24.75,0.14,1.55,1.56,11.93,3.89,2.77,0.64,0.13,199.5,87.7,8.7,20.9,27.4,2.14,45.6
NEON.PLA.D02.SCBI.13015,D02,SASSA,13.9,Sassafras sp.,397,SCBI,38.894261,-78.137200000000007,58,0.422,28.68,16.74,0.13,0.62,0.56,13.29,4.14,3.22,0.25,0.16,365.6,72.4,6.4,15,25.6,2.55,50.58
NEON.PLA.D02.SCBI.13017,D02,CATO6,6.3,Carya tomentosa (Lam.) Nutt.,412.1,SCBI,38.884907,-78.13032,42,0.414,12.71,25.29,0.18,1.17,1.21,21.33,6.91,4.97,0.35,0.15,99.8,53.7,5,40.8,22.2,2.78,46.43
NEON.PLA.D02.SCBI.13018,D02,QURU,14.9,Quercus rubra L.,567.7,SCBI,38.883305,-78.120382,89.4,0.512,26.64,18.93,0.12,0.67,1.04,13.76,4.59,3,0.18,0.11,1320,50.7,8.7,48,69.7,2.14,50.27
NEON.PLA.D02.SCBI.13019,D02,SASSA,6.1,Sassafras sp.,567.7,SCBI,38.883305,-78.120382,38.5,0.299,24.87,21.12,0.15,0.77,1.15,19.61,6.74,4.41,0.24,0.2,1002.9,61.2,6.2,27.7,29.4,2.89,49.62
NEON.PLA.D04.GUAN.00065,D04,GUOF,5.1,Guaiacum officinale L.,115.9,GUAN,17.968869,-66.867682,131.6,0.484,12.63,11.99,0.089,1.812,1.388,11.9,3.23,3.36,0.143,0.083,17.7,29.6,16.5,118.3,27,1.99,50.19
NEON.PLA.D04.GUAN.00138,D04,PIAL3,5.5,Pisonia albida (Heimerl) Britton ex Standl.,115.9,GUAN,17.968869,-66.867682,81.2,0.294,31.38,18.37,0.203,2.44,1.012,17.94,5,5.43,0.429,0.112,6.2,31.2,2.1,37.1,24.8,3.81,50.75
NEON.PLA.D04.GUAN.01211,D04,BUBU,5,Bucida buceras L.,124.8,GUAN,17.967743,-66.8643,116.8,0.494,10.03,27.04,0.097,0.897,3.491,9.08,1.93,2.48,0.193,0.049,36.7,43.5,11.4,104.7,22.2,1.72,44.83
NEON.PLA.D04.GUAN.01580,D04,AMEL,3.4,Amyris elemifera L.,89.1,GUAN,17.970294,-66.824633,154.6,0.551,9.6,18.15,0.095,2.133,2.54,11.5,2.85,3.88,0.178,0.064,16.8,47.6,9.3,46.2,17.8,1.92,47.47
NEON.PLA.D04.GUAN.01942,D04,BOURR,4.4,Bourreria sp.,89.1,GUAN,17.970294,-66.824633,127.5,0.407,8.5,23.75,0.061,2.053,3.439,13.2,3.68,3.88,0.436,0.072,16.2,64.2,10.3,73.4,16,1.62,45.21
NEON.PLA.D04.GUAN.02069,D04,BUSI,6.9,Bursera simaruba (L.) Sarg.,182.9,GUAN,17.973133,-66.861701,83.4,0.342,23.06,18.67,0.153,1.19,0.793,13.46,3.74,3.37,0.328,0.07,16.9,59.4,5.4,22.4,33.9,2.12,50.63
NEON.PLA.D04.GUAN.02073,D04,PIAL3,5.7,Pisonia albida (Heimerl) Britton ex Standl.,182.9,GUAN,17.973133,-66.861701,81,0.307,23.65,13.38,0.213,1.575,1.199,9.26,2.41,3.61,0.851,0.115,15.3,31.2,15.1,24.8,24.6,3.39,50.84
NEON.PLA.D04.GUAN.02440,D04,BUSI,6,Bursera simaruba (L.) Sarg.,174.7,GUAN,17.972832,-66.857711,76.2,0.323,19.11,17.4,0.134,1.225,1.094,15.22,3.97,3.57,0.247,0.069,27.7,50.1,6.4,56.6,30,2.045,49.239999999999995
NEON.PLA.D04.GUAN.02699,D04,GUSA,7.2,Guaiacum sanctum L.,146.9,GUAN,17.970725,-66.86397,136.6,0.46,11,17.83,0.092,1.497,2.673,13.48,3.42,3.82,0.197,0.141,0.2,3.1,0.1,9.4,4.7,2.89,48.75
NEON.PLA.D04.GUAN.02782A,D04,PIAL3,4.5,Pisonia albida (Heimerl) Britton ex Standl.,174.7,GUAN,17.972832,-66.857711,98.1,0.345,16.79,17.75,0.116,2.72,2.68,14.78,4.05,4.42,0.664,0.083,23.5,55.3,6.7,82.5,21.9,2.75,46.35
NEON.PLA.D04.GUAN.03365,D04,PIAL3,4.1,Pisonia albida (Heimerl) Britton ex Standl.,132.5,GUAN,17.96911,-66.864276,80.7,0.306,28.09,14.37,0.276,2.157,0.986,7.83,2.55,2.69,0.399,0.099,30.6,34,13.5,32.1,33.1,3.68,53.54
NEON.PLA.D04.GUAN.03369,D04,BUBU,4.7,Bucida buceras L.,132.5,GUAN,17.96911,-66.864276,121.3,0.451,8.53,29.54,0.075,0.887,3.427,12.34,3.53,3.36,0.23,0.052,31.2,48.2,4.5,83.8,27.3,1.66,43.5
NEON.PLA.D04.GUAN.04171,D04,BUSI,5.1,Bursera simaruba (L.) Sarg.,164.3,GUAN,17.968744,-66.880447,49.4,0.252,13.54,14.04,0.138,1.339,1.218,8.69,3.27,2.42,0.31,0.095,25.6,46.7,4.1,42,26.9,1.71,48.95
NEON.PLA.D04.GUAN.04185,D04,BUSI,2.6,Bursera simaruba (L.) Sarg.,164.3,GUAN,17.968744,-66.880447,46,0.235,14.85,15.11,0.245,2.2305,0.755,8.31,2.97,2.44,0.3885,0.0925,17.799999999999997,43.150000000000006,9.4,44.8,43.75,2.67,50.07
NEON.PLA.D04.GUAN.04232,D04,BUSI,3.2,Bursera simaruba (L.) Sarg.,101.3,GUAN,17.963818,-66.875668,13,0.262,16.96,17.6,0.225,1.418,0.681,8.24,3.23,2.83,0.228,0.09,24.5,42,8.6,24.4,38,2.12,51.07
NEON.PLA.D04.GUAN.04234,D04,GUOF,3.9,Guaiacum officinale L.,101.3,GUAN,17.963818,-66.875668,32.5,0.517,14.045,9.36,0.117,1.294,2.799,12.82,5.27,4.07,0.18,0.126,11,31.4,1.8,51.3,25.1,2.1,51.24
NEON.PLA.D04.GUAN.04332,D04,BUSI,5.2,Bursera simaruba (L.) Sarg.,133.5,GUAN,17.969254,-66.85267,46.2,0.243,16.17,15.53,0.179,1.638,0.753,8.66,2.55,2.71,0.213,0.08,20.5,25.5,5.8,26.1,22.2,2.225,50.16
NEON.PLA.D04.GUAN.04347,D04,BUSI,3,Bursera simaruba (L.) Sarg.,65.8,GUAN,17.965762,-66.832036,74.4,0.317,23.61,19.25,0.147,1.078,1.128,12.76,3.78,3.42,0.374,0.068,32.3,40.2,4.7,32.7,29.3,1.61,48.91
NEON.PLA.D04.GUAN.04354,D04,PIAC,4,Pictetia aculeata (Vahl) Urb.,65.8,GUAN,17.965762,-66.832036,92.4,0.373,10.08,15.92,0.145,1.849,1.069,12.22,3.25,3.33,0.387,0.068,41.1,72.1,7.2,25.1,57.7,2.5,47.12
NEON.PLA.D04.GUAN.04561,D04,JAFL,2.9,Jasminum fluminense Vell.,116.5,GUAN,17.97943,-66.867833,87.3,0.411,12.05,11.46,0.15,2.506,1.83,16.1,6.7,5.24,0.492,0.117,67.7,69.5,8.2,33,21.8,2.47,46.94
NEON.PLA.D04.GUAN.04695,D04,ACFA,4.3,Acacia farnesiana (L.) Willd.,116.5,GUAN,17.97943,-66.867833,103,0.469,12.88,14.84,0.187,1.337,1.346,9.78,2.58,3,0.239,0.207,66.1,92.9,23.8,170.8,30,3.48,48.67
NEON.PLA.D04.GUAN.05287,D04,BOSU2,3.7,Bourreria succulenta Jacq.,177.6,GUAN,17.972441,-66.871318,145.9,0.429,8.84,24.81,0.064,2.311,2.224,14.32,3.85,4.19,0.401,0.056,17.2,28.2,15.8,101.2,26.1,1.48,46.22
NEON.PLA.D04.GUAN.05593,D04,BUSI,4.2,Bursera simaruba (L.) Sarg.,132.5,GUAN,17.96911,-66.864276,39,0.205,15,15.9,0.253,1.983,0.559,6.06,1.99,2.29,0.285,0.093,38.2,48,18.4,32.5,43.8,2.44,48.91
NEON.PLA.D04.GUAN.08289,D04,BUSI,5.7,Bursera simaruba (L.) Sarg.,124.8,GUAN,17.967743,-66.8643,42.3,0.216,16.03,15.82,0.12,1.013,0.53,15.32,3.53,4.15,0.211,0.079,35.5,59.9,13.2,72.5,39.6,1.865,49.93
NEON.PLA.D04.GUAN.08786Z,D04,COKR,3.7,Coccoloba krugii Lindau,177.6,GUAN,17.972441,-66.871318,158.2,0.247,28.44,35.87,0.063,0.364,1.655,7.39,1.8,2.22,0.374,0.068,6.2,29.8,2,32.6,25.1,1.24,47.65
NEON.PLA.D04.GUAN.08788Z,D04,PIAC,7,Pictetia aculeata (Vahl) Urb.,133.5,GUAN,17.969254,-66.85267,108.7,0.424,13.27,19.81,0.107,1.576,1.39,17.68,4.73,3.9,0.207,0.073,35.6,61.1,9,30.7,38,2.74,47.96
NEON.PLA.D04.GUAN.08856Z,D04,CODI8,4,Coccoloba diversifolia Jacq.,65.8,GUAN,17.965762,-66.832036,129.1,0.462,19.46,20.91,0.228,1.027,3.14,10.96,2.67,2.99,0.627,0.096,34.4,43.4,5.1,38.6,29.5,1.47,46.51
NEON.PLA.D04.GUAN.08869Z,D04,EURH,6.2,Eugenia rhombea (Berg) Krug & Urb.,152.1,GUAN,17.97277,-66.851235,148.1,0.476,11.77,28.77,0.067,0.977,2.523,7.47,2.62,2.59,0.337,0.044,15.9,32,2.9,113.1,16.2,1.31,45.05
NEON.PLA.D04.GUAN.08870Z,D04,AMEL,2.4,Amyris elemifera L.,177.6,GUAN,17.972441,-66.871318,171,0.562,10.53,20.29,0.0615,1.0525,2.6254999999999997,7.74,2.31,2.65,0.14250000000000002,0.075,41.349999999999994,44.55,17,103.8,30.45,2.03,46.5
NEON.PLA.D04.GUAN.08877Z,D04,AMEL,5.6,Amyris elemifera L.,182.9,GUAN,17.973133,-66.861701,90.5,0.41,10.02,20.78,0.124,1.626,1.854,12.14,3.32,3.42,0.208,0.068,12.6,26.6,7.1,38.9,18.6,2.3,48.65
NEON.PLA.D05.STEI.00225,D05,QURU,8.4,Quercus rubra L.,500,STEI,45.826444,-90.086211,72.9,0.479,19.58,15,0.158,1.107,0.596,10.8,3.46,2.64,0.153,0.114,782.6,64.7,10.5,45.7,38,2.56,49.81
NEON.PLA.D05.STEI.01538,D05,TIAM,12.9,Tilia americana L.,505.9,STEI,45.812246,-90.092743,74.4,0.388,16.26,16.35,0.248,1.676,2.353,9.6,3.01,2.5,0.374,0.112,172.5,62.2,9,52.8,30.9,2.66,45.64
NEON.PLA.D05.STEI.01758,D05,POGR4,4.6,Populus grandidentata Michx.,472.4,STEI,45.506757,-89.58706,63.9,0.522,23.68,14.88,0.151,0.753,0.509,10.96,3.36,2.81,0.265,0.172,248.1,79.5,7,19,138.3,2.75,51.7
NEON.PLA.D05.STEI.01778,D05,ACRU,7.5,Acer rubrum L.,473.4,STEI,45.506171,-89.588579,71.6,0.431,15.03,15.22,0.272,0.841,0.476,5.91,1.85,1.43,0.21,0.09,1248.7,138,7.8,24.2,34.1,1.49,48.52
NEON.PLA.D05.STEI.01791,D05,OSVI,6.7,Ostrya virginiana (Mill.) K. Koch,505.9,STEI,45.812246,-90.092743,38,0.453,19.75,20.33,0.163,0.832,1.527,12.71,4.49,3.09,0.347,0.151,570.5,75.8,7.5,35.6,20.2,2.25,47.29
NEON.PLA.D05.STEI.02103,D05,OSVI,10.2,Ostrya virginiana (Mill.) K. Koch,522.3,STEI,45.797373,-90.092311,31.5,0.447,23.74,24.18,0.187,0.706,1.63,13.51,4.74,3.08,0.345,0.098,1350.6,82.5,8.8,29,25.5,2.48,47.34
NEON.PLA.D05.STEI.02111,D05,ACSA3,17.3,Acer saccharum Marshall,522.3,STEI,45.797373,-90.092311,62.6,0.43,14.37,16.95,0.003,0.753,0.896,11.41,3.53,3.02,0.16,0.101,798.9,61.1,5.8,1.1,42.1,1.79,48.45
NEON.PLA.D05.STEI.02147,D05,ACSA3,17.4,Acer saccharum Marshall,505.9,STEI,45.812246,-90.092743,92.4,0.512,14.63,13.58,0.17,0.594,1.149,6.1,1.67,2.21,0.233,0.063,361,52.7,4.2,31.4,30.8,1.61,48.35
NEON.PLA.D05.STEI.02177,D05,ACSA3,15,Acer saccharum Marshall,522.3,STEI,45.797373,-90.092311,66.7,0.438,14.78,13.42,0.161,0.677,1.084,10.5,3.02,2.81,0.199,0.099,940.7,79.2,8.6,41.1,33.7,1.79,48.03
NEON.PLA.D05.STEI.03102,D05,TIAM,13.7,Tilia americana L.,506,STEI,45.82204,-90.089055,67.9,0.412,16.59,16.57,0.316,1.027,1.517,9.36,3.32,1.96,0.432,0.063,215.3,58.6,16.1,59.2,34.2,2.55,48.18
NEON.PLA.D05.STEI.03112,D05,OSVI,4.7,Ostrya virginiana (Mill.) K. Koch,506,STEI,45.82204,-90.089055,40.3,0.545,27.02,19.62,0.177,0.642,1.522,7.44,2.38,1.84,0.275,0.101,1148,85.3,11.2,35.7,35.2,1.93,47.78
NEON.PLA.D05.STEI.03444,D05,ACSA3,14,Acer saccharum Marshall,503.3,STEI,45.824937,-90.072611,70.2,0.462,15.52,13.17,0.219,0.488,0.877,6.28,1.88,2.03,0.183,0.106,1219.4,56.5,6.3,41.1,34.7,1.51,49.67
NEON.PLA.D05.STEI.03466A,D05,ACRU,12.5,Acer rubrum L.,503.3,STEI,45.824937,-90.072611,57.6,0.423,13.3,13.34,0.235,0.705,0.605,12.65,3.74,3.27,0.258,0.079,1057,57.7,13.5,33.1,41.8,1.74,49.13
NEON.PLA.D05.STEI.03662,D05,ALNUS,3.5,Alnus sp.,480.5,STEI,45.834307,-90.085088,58.7,0.399,19.3,9.8,0.149,0.54,0.668,10.27,3.07,2.89,0.247,0.142,533,122.4,13.3,26.3,77.3,2.9,50.84
NEON.PLA.D05.STEI.03693,D05,ALNUS,3.7,Alnus sp.,480.5,STEI,45.834307,-90.085088,91.5,0.463,18.24,9.95,0.14,0.579,0.475,8.51,2.32,2.49,0.185,0.116,234.3,66.7,12.9,37.4,47.1,2.61,50.835
NEON.PLA.D05.STEI.03705,D05,FRPE,12.3,Fraxinus pennsylvanica Marshall,504.7,STEI,45.817469,-90.078389,46.9,0.43,23.52,22.55,0.156,0.8374999999999999,0.73,14.96,5.11,3.11,0.2345,0.106,98.25,103.5,20.4,39.849999999999994,20.85,2.18,49.49
NEON.PLA.D05.STEI.03730,D05,ALNUS,3.5,Alnus sp.,480.5,STEI,45.834307,-90.085088,74.4,0.418,19.29,12.23,0.164,0.948,0.486,12.35,3.71,3.22,0.276,0.098,302.8,114.2,14.9,22.8,46.9,2.79,50.25
NEON.PLA.D05.STEI.05149,D05,QURU,22.2,Quercus rubra L.,517.4,STEI,45.793823,-90.05393,116,0.478,24.99,17.48,0.182,0.997,0.529,10.62,3.03,2.1,0.117,0.1,1323.2,65,7.2,46.7,39.4,2.71,50.07
NEON.PLA.D05.STEI.05150,D05,ACSA3,17.1,Acer saccharum Marshall,517.4,STEI,45.793823,-90.05393,96.8,0.672,13.41,15.97,0.167,0.659,0.544,10.89,3.26,2.96,0.137,0.126,573.1,52.9,8.3,41.6,31.5,1.91,49.48
NEON.PLA.D05.STEI.05374,D05,PINUS,13.5,Pinus sp.,499.7,STEI,45.802507,-90.06211,239,0.5,22.06,21.284999999999997,0.103,0.596,0.212,4.89,1.68,1.15,0.108,0.093,883.1,56,6.9,17.5,47.7,1.11,52.26
NEON.PLA.D05.STEI.05382,D05,QUMA2,12.5,Quercus macrocarpa Michx.,499.7,STEI,45.802507,-90.06211,95.5,0.467,19.82,18.34,0.277,1.22,0.588,15.28,4.02,3.55,0.16,0.07,1055.5,67.4,10.8,13.6,19.5,2.68,49.8
NEON.PLA.D05.STEI.05383,D05,ABBA,11.9,Abies balsamea (L.) Mill.,499.7,STEI,45.802507,-90.06211,149.1,0.442,22.24,14.05,0.162,0.58,0.821,4,1.17,0.77,0.105,0.083,1880,78.3,8.7,22,93.8,1.56,52.43
NEON.PLA.D05.STEI.05483,D05,FRPE,13.8,Fraxinus pennsylvanica Marshall,510.2,STEI,45.797893,-90.064147,69.7,0.439,11.99,23.6,0.198,0.787,1.336,7.81,2.47,2.24,0.417,0.072,78.5,55.8,18.4,41.9,23,2.07,46.54
NEON.PLA.D05.STEI.05598,D05,QURU,7.1,Quercus rubra L.,474.5,STEI,45.508883,-89.588327,91.1,0.452,27.88,16.13,0.145,0.704,0.463,10.94,2.88,2.6,0.132,0.116,1216,82.5,5.6,46,64.7,2.24,50.54
NEON.PLA.D06.KONZ.05401Z,D06,ULAM,2.2,Ulmus americana L.,351,KONZ,39.110903,-96.55221,55.8,0.618,14.7,18.15,0.12,0.853,1.887,8.35,2.52,2.48,0.173,0.095,26.5,64.3,6.4,34.1,10.9,1.8,46.46
NEON.PLA.D06.KONZ.05402Z,D06,QUMU,2.6,Quercus muehlenbergii Engelm.,339.1,KONZ,39.103999,-96.596164,96.2,0.6,18.64,17.06,0.185,1.276,0.659,3.16,0.61,0.84,0.264,0.12,55.3,83.2,10.1,38.6,22.3,2.505,48.83
NEON.PLA.D06.KONZ.05403Z,D06,ULAM,7.2,Ulmus americana L.,339.1,KONZ,39.103999,-96.596164,63.6,0.388,9.73,17.21,0.302,1.672,0.625,3.08,0.72,0.76,0.267,0.106,55.2,64.5,4.5,45,20.5,2.32,44.54
NEON.PLA.D06.KONZ.05404Z,D06,QUMU,2.8,Quercus muehlenbergii Engelm.,351,KONZ,39.110903,-96.55221,86.1,0.473,19.475,19.3,0.151,0.836,0.567,2.99,0.75,0.78,0.153,0.107,17.1,58.7,9.3,30.9,11.2,2.17,50.72
NEON.PLA.D06.KONZ.05405Z,D06,JUNI,-1.5,Juglans nigra L.,339.1,KONZ,39.103999,-96.596164,35.9,0.313,8.13,14.08,0.269,1.885,1.064,1.93,0.49,0.6,0.388,0.133,45.4,102.6,8.4,39.2,14.5,2.97,46.34
NEON.PLA.D06.KONZ.05406Z,D06,JUVI,2.8,Juniperus virginiana L.,351,KONZ,39.110903,-96.55221,408.3,0.648,12.97,13.79,0.127,0.812,1.2109999999999999,3.64,0.95,1.1,0.0885,0.07,58.3,149.60000000000002,3.65,21.35,16.3,0.715,48.86
NEON.PLA.D07.GRSM.00369,D07,QUMO4,7.7,Quercus montana Willd.,655,GRSM,35.686508,-83.506607,61.3,0.446,9.16,17.91,0.145,0.922,0.438,4.7,2.21,0.86,0.125,0.118,595.8,46.2,2.6,61.5,11.7,2,45.5
NEON.PLA.D07.GRSM.00731,D07,LITU,23.3,Liriodendron tulipifera L.,551.3,GRSM,35.691948,-83.505433,53.1,0.318,11.6,13.5,0.171,1.118,1.015,4.84,3.29,0.47,0.241,0.186,322.7,54.8,10.3,12.9,14.5,2.3,45.1
NEON.PLA.D07.GRSM.00745,D07,LITU,25.6,Liriodendron tulipifera L.,551.3,GRSM,35.691948,-83.505433,57.5,0.332,9.81,12.16,0.094,0.423,0.33,5.39,3.33,0.79,0.142,0.131,313.6,98.1,1.2,65.3,9.8,2.9,46.6
NEON.PLA.D07.GRSM.01620,D07,HALES,15,Halesia sp.,624.4,GRSM,35.685524,-83.502249,19.3,0.246,8.09,10.85,0.134,1.058,0.48,2.65,2.78,0.07,0.154,0.15,138.9,60.7,5.9,61.8,22.2,1.4,46.4
NEON.PLA.D07.GRSM.01901,D07,ACRU,8,Acer rubrum L.,639.1,GRSM,35.686007,-83.503986,43.7,0.436,7.56,14.08,0.124,0.732,0.369,6.06,4.39,0.54,0.119,0.132,378.5,55.1,4.4,51.6,23.2,1.6,46.4
NEON.PLA.D07.GRSM.01914,D07,HALES,19,Halesia sp.,624.4,GRSM,35.685524,-83.502249,37.7,0.338,6.3,10.7,0.15,2.334,0.542,4.19,2.29,1.01,0.22,0.191,555.8,56.2,78.8,55.3,14.8,2,46.1
NEON.PLA.D07.GRSM.01924,D07,LITU,27.6,Liriodendron tulipifera L.,624.4,GRSM,35.685524,-83.502249,45.9,0.296,8.17,17.59,0.159,1.38,1.762,4.24,2.69,0.63,0.369,0.186,280.5,50.5,9.4,32.6,17.3,2.4,43.6
NEON.PLA.D07.GRSM.02305,D07,ACRU,19.1,Acer rubrum L.,527.1,GRSM,35.678899,-83.645322,84.5,0.508,7.91,8.74,0.129,0.619,0.35,4.12,1.84,0.82,0.137,0.127,434.3,46.6,5.2,50.5,15,1.5,47.2
NEON.PLA.D07.GRSM.02579,D07,QUMO4,25,Quercus montana Willd.,842.1,GRSM,35.670878,-83.489979,69.9,0.441,11.04,17.2,0.123,0.877,0.484,5,4.59,0.04,0.196,0.162,798.4,62,7,71.4,16.8,2,45.8
NEON.PLA.D07.GRSM.02637,D07,ACRU,21,Acer rubrum L.,893.9,GRSM,35.676611,-83.474556,63.4,0.415,6.67,11.83,0.17,0.942,0.322,4.3,1.49,1.13,0.149,0.171,217.9,79.5,10.2,0.2,26.2,1.6,45.9
NEON.PLA.D07.GRSM.02661,D07,HALES,19.5,Halesia sp.,893.9,GRSM,35.676611,-83.474556,54.1,0.363,9.02,9.64,0.17,0.989,0.191,3.94,3.27,0.14,0.127,0.179,65.8,39.7,6.3,43.5,11.5,2.1,47.4
NEON.PLA.D07.GRSM.02771,D07,ABIES,5.5,Abies sp.,1791.1,GRSM,35.589784,-83.47552,158.2,0.552,8.19,9.92,0.117,0.368,0.119,2.93,1.82,0.25,0.049,0.099,106.9,38,0.4,38.5,14.2,1.2,46.6
NEON.PLA.D07.GRSM.02877,D07,PIRU,8.2,Picea rubens Sarg.,1791.1,GRSM,35.589784,-83.47552,352.7,0.653,11.61,12.87,0.077,0.376,0.055,1.83,1.26,0.06,0.047,0.074,83.9,94.9,1.4,38.5,9.8,0.9,44.9
NEON.PLA.D07.GRSM.02983,D07,ABIES,6,Abies sp.,1777.6,GRSM,35.593015,-83.474662,173.9,0.551,8.8,9.87,0.11,0.428,0.239,3.29,0.67,0.86,0.059,0.102,230.1,45.4,1.4,67.7,22.4,1.1,46.9
NEON.PLA.D07.GRSM.03282,D07,OXYDE,14.1,Oxydendrum sp.,695.8,GRSM,35.67043,-83.587373,41.1,0.277,6.38,12.97,0.187,0.784,0.51,1.46,0.67,0.34,0.13,0.148,620.2,48.8,3.7,64.8,15.4,1.9,43.9
NEON.PLA.D07.GRSM.03322,D07,QUMO4,18.2,Quercus montana Willd.,657.2,GRSM,35.68687,-83.513991,68.6,0.429,9.21,18.41,0.124,0.824,0.232,4.57,1.99,0.84,0.137,0.154,846.9,45.8,4.7,61.7,15.3,2.1,45.7
NEON.PLA.D07.GRSM.03339,D07,ACRU,14.7,Acer rubrum L.,657.2,GRSM,35.68687,-83.513991,79,0.474,7.83,9.73,0.116,0.589,0.489,4.47,2.86,0.61,0.177,0.126,1141.9,50.5,8,45.3,24.3,1.2,45.9
NEON.PLA.D07.ORNL.00789,D07,QUAL,25.3,Quercus alba L.,262,ORNL,35.965869,-84.23064,87.3,0.558,9.68,13.56,0.125,0.533,0.495,3.89,0.76,1.29,0.174,0.095,1305,58.6,6.6,18,11.2,1.76,47.98
NEON.PLA.D07.ORNL.00848,D07,ACRU,2,Acer rubrum L.,262,ORNL,35.965869,-84.23064,50.2,0.192,9.34,12.14,0.144,0.93,0.493,7.51,2.02,2.1,0.234,0.105,619.5,60.1,5.6,24.7,18.6,1.69,48.86
NEON.PLA.D07.ORNL.00919,D07,LIST2,22.4,Liquidambar styraciflua L.,306.9,ORNL,35.982205,-84.212754,71.2,0.327,19.79,14.78,0.139,1.082,0.45,5.71,1.43,1.52,0.282,0.144,2451.4,62.1,9.5,17.3,27.9,1.69,49.08
NEON.PLA.D07.ORNL.00930,D07,ACRU,16.7,Acer rubrum L.,306.9,ORNL,35.982205,-84.212754,56.7,0.403,10.05,11.87,0.109,0.73,0.299,6.8,1.61,1.95,0.131,0.105,1049.6,50.9,8.9,19.4,17.9,1.86,49.64
NEON.PLA.D07.ORNL.00951,D07,QUMO4,16.1,Quercus montana Willd.,306.9,ORNL,35.982205,-84.212754,113.1,0.464,17.225,17.9,0.1,1.03,0.336,6.48,1.37,1.68,0.18,0.104,1983.6,46.6,5.2,30.4,9.1,1.88,49.25
NEON.PLA.D07.ORNL.00971,D07,QUAL,18.1,Quercus alba L.,296.1,ORNL,35.907947,-84.275213,59.7,0.422,9.91,16.66,0.139,1.283,0.307,5.03,1.33,1.61,0.133,0.101,2327.9,59.5,7,21.2,12,1.94,47.86
NEON.PLA.D07.ORNL.00994,D07,QUAL,21,Quercus alba L.,296.1,ORNL,35.907947,-84.275213,67.8,0.45,9.83,15.32,0.125,0.881,0.361,4.47,1.16,1.3,0.171,0.094,2411,71.4,6.8,20.1,11.6,1.83,48.01
NEON.PLA.D07.ORNL.01527,D07,NYSY,4.8,Nyssa sylvatica Marshall,316.4,ORNL,35.974463,-84.22799,85.6,0.553,4.33,10.79,0.112,0.955,0.299,2.85,0.75,1,0.165,0.106,967.7,31.3,4.6,23.9,8.5,1.3,46.28
NEON.PLA.D07.ORNL.01544,D07,NYSY,16.5,Nyssa sylvatica Marshall,316.4,ORNL,35.974463,-84.22799,85.5,0.59,4.52,11.86,0.104,0.809,0.38,3.72,1.2,1.07,0.353,0.119,984.2,51.4,4.1,16.7,7.8,1.6,46.85
NEON.PLA.D07.ORNL.01558,D07,PINUS,15.3,Pinus sp.,244.6,ORNL,35.93025,-84.27011,204.2,0.339,16.52,17.71,0.0925,0.688,0.13,1.9,0.65,0.7,0.0895,0.062,1084.1,48.05,3.55,12.15,29.599999999999998,0.81,50.66
NEON.PLA.D07.ORNL.01563,D07,PINUS,23,Pinus sp.,244.6,ORNL,35.93025,-84.27011,242.6,0.426,16.79,17.85,0.124,0.965,0.578,3.63,0.94,0.97,0.275,0.128,1520.1,59.7,10.7,19.1,33.6,0.99,51.13
NEON.PLA.D07.ORNL.01581,D07,ACRU,4.6,Acer rubrum L.,244.6,ORNL,35.93025,-84.27011,69.6,0.464,11.06,11.01,0.091,0.566,0.279,7.8,2.43,2.38,0.142,0.094,1791.1,37.6,12,14,13,1.6,49.47
NEON.PLA.D07.ORNL.01860,D07,LIST2,15.6,Liquidambar styraciflua L.,283.6,ORNL,35.938232,-84.323686,58.8,0.319,23.24,20.89,0.115,0.949,0.593,6.23,1.68,1.52,0.263,0.126,1463.7,46.5,10.2,16.6,33.4,1.89,48.02
NEON.PLA.D07.ORNL.01875,D07,LITU,17.7,Liriodendron tulipifera L.,283.6,ORNL,35.938232,-84.323686,43.5,0.249,18.35,22.01,0.149,2.566,0.583,7,1.97,1.74,0.313,0.106,475.8,51.3,11.4,25.6,14.6,2.25,47.21
NEON.PLA.D07.ORNL.01907,D07,LIST2,21,Liquidambar styraciflua L.,283.6,ORNL,35.938232,-84.323686,62,0.314,16.77,18.49,0.113,1.371,0.51,7.5,2.03,1.92,0.259,0.102,1313.8,36.2,9.9,17.2,31.6,1.77,49.43
NEON.PLA.D07.ORNL.02477,D07,LITU,14.8,Liriodendron tulipifera L.,268.4,ORNL,35.92537,-84.329757,99.1,0.458,17.25,20.25,0.14,1.492,1.135,7.96,2.03,2.49,0.183,0.101,191.4,61,7.9,15.1,14.1,1.81,47.48
NEON.PLA.D07.ORNL.02487,D07,ACRU,22.9,Acer rubrum L.,268.4,ORNL,35.92537,-84.329757,88.7,0.74,13.14,12.98,0.128,0.9490000000000001,0.6285000000000001,6.75,1.93,2.12,0.1825,0.08549999999999999,720.1,57.55,5.25,21.950000000000003,27.85,1.7,48.28
NEON.PLA.D07.ORNL.02562,D07,JUVI,10.3,Juniperus virginiana L.,245.6,ORNL,35.916311,-84.26328,222.7,0.39,19.23,15.54,0.116,0.904,0.919,4.95,1.32,1.44,0.244,0.085,464.6,75.2,3,19,9.3,1.13,50.52
NEON.PLA.D07.ORNL.02647,D07,JUVI,9.8,Juniperus virginiana L.,245.6,ORNL,35.916311,-84.26328,186.6,0.305,20.42,15.65,0.111,0.538,0.825,2.91,0.73,0.87,0.214,0.079,380,50,2.9,18.6,11.5,1.09,50.34
NEON.PLA.D07.ORNL.02648,D07,JUVI,13.2,Juniperus virginiana L.,245.6,ORNL,35.916311,-84.26328,206.3,0.36,18.88,15.96,0.105,0.716,1.095,4.21,1.2,1.31,0.289,0.103,716.9,73.3,3.1,17.6,11.9,1.2,49.55
NEON.PLA.D07.ORNL.04078,D07,NYSY,12.4,Nyssa sylvatica Marshall,316.8,ORNL,35.964793,-84.278889,83.9,0.578,7.61,13.19,0.113,1.015,0.428,4.66,1.48,1.21,0.403,0.098,963.9,83.4,4.4,27.4,8.8,1.8,46.74
NEON.PLA.D07.ORNL.04841,D07,NYSY,15.8,Nyssa sylvatica Marshall,338.8,ORNL,35.964422,-84.285887,62.5,0.536,7.87,15.84,0.099,1.163,0.44,4.59,1.67,1.23,0.345,0.111,1034.5,49.8,4.6,17.6,10.4,1.59,46.165
NEON.PLA.D07.ORNL.08004Z,D07,QUAL,22.3,Quercus alba L.,262,ORNL,35.965869,-84.23064,78,0.384,9.61,14.1,0.121,0.006,0.034,5.23,1.22,1.54,0.002,0.098,927.1,55.5,6.8,16.3,12.2,1.88,47.35
NEON.PLA.D07.ORNL.08005Z,D07,QUMO4,22,Quercus montana Willd.,322.5,ORNL,35.963923,-84.287231,111.4,0.568,15.055,15.945,0.105,0.852,0.424,5.99,1.34,1.74,0.182,0.076,2100,42.5,5.5,23.4,7.8,1.89,48.57
NEON.PLA.D07.ORNL.08006Z,D07,QUMO4,20.4,Quercus montana Willd.,322.5,ORNL,35.963923,-84.287231,96.5,0.757,22.05,18.25,0.098,0.974,0.414,8.4,2.07,2.05,0.142,0.088,2679.7,46.9,5.1,24.7,8.7,1.78,48.99
NEON.PLA.D07.ORNL.09278,D07,LITU,26.7,Liriodendron tulipifera L.,316.6,ORNL,35.965253,-84.286857,71.9,0.376,16.63,14.67,0.173,1.592,0.506,9.67,2.75,2.39,0.231,0.118,874.3,94,9.9,26.3,11.9,2.48,48.82
NEON.PLA.D07.ORNL.09388,D07,LIST2,21.6,Liquidambar styraciflua L.,316.6,ORNL,35.965253,-84.286857,84.9,0.513,19.91,16.32,0.122,0.836,0.677,3.63,0.8,1.02,0.327,0.093,2482.2,56.2,7.3,19.8,40.7,1.56,47.61
NEON.PLA.D07.ORNL.09396,D07,QURU,27,Quercus rubra L.,316.6,ORNL,35.965253,-84.286857,95.6,0.482,28.88,14.12,0.119,1.105,0.399,7.22,2.03,1.65,0.231,0.095,2499.1,58.5,5.6,31.3,18.5,2.18,49.69
NEON.PLA.D08.LENO.00016,D08,CACA18,6.2,Carpinus caroliniana Walter,10.9,LENO,31.806907,-88.19388,58.7,0.47,6.05,16.45,0.144,0.536,0.806,5.03,1.78,2.25,0.174,0.042,1397.5,43.6,7,17.4,26.1,1.68,46.74
NEON.PLA.D08.LENO.00025,D08,QUPH,25.4,Quercus phellos L.,10.9,LENO,31.806907,-88.19388,92.9,0.457,27.66,20.08,0.135,0.682,0.352,5.51,1.32,1.91,0.134,0.046,1337.2,31.7,5,15.8,24.9,1.89,49.85
NEON.PLA.D08.LENO.00065,D08,QUPA5,26.2,Quercus pagoda Raf.,10.3,LENO,31.808316,-88.188214,84,0.439,26.25,23.62,0.154,0.759,0.344,6.58,1.53,1.83,0.088,0.051,1769.1,34.5,6,22.1,25.3,2,49.42
NEON.PLA.D08.LENO.00079,D08,QUPA5,18.6,Quercus pagoda Raf.,10.3,LENO,31.808316,-88.188214,86.1,0.471,26.240000000000002,23,0.143,0.878,0.71,7.75,2.1,2.03,0.197,0.037,2288.7,89.7,9.9,14.1,35.2,1.66,48.98
NEON.PLA.D08.LENO.00178,D08,PLOC,22.5,Platanus occidentalis L.,13.3,LENO,31.827863,-88.181486,58.7,0.366,26.56,20.78,0.237,1.024,0.828,8.73,2.31,1.96,0.18,0.071,47,75.3,11.1,28.6,21.2,1.83,49.66
NEON.PLA.D08.LENO.00190,D08,PLOC,18.6,Platanus occidentalis L.,13.3,LENO,31.827863,-88.181486,48,0.296,28.61,22.66,0.251,0.8775,0.99,11.04,2.57,2.49,0.177,0.0725,52.099999999999994,68.7,10.600000000000001,36.349999999999994,28.25,1.91,49.01
NEON.PLA.D08.LENO.00240,D08,QUPH,17,Quercus phellos L.,16.7,LENO,31.825951,-88.183041,67,0.433,22.74,25.87,0.137,0.661,0.588,8.92,2.22,2.33,0.151,0.045,1217.7,111.6,6,19.8,23.7,1.96,50.36
NEON.PLA.D08.LENO.00305,D08,CACA18,5.4,Carpinus caroliniana Walter,12.4,LENO,31.821088,-88.182303,39.3,0.419,5.64,16.98,0.174,0.92,1.32,9.03,3.05,2.38,0.185,0.044,816.9,48.1,8.8,29.1,26.7,1.99,46.5
NEON.PLA.D08.LENO.00621,D08,CACA18,2.3,Carpinus caroliniana Walter,10.8,LENO,31.808121,-88.179966,36.9,0.389,5.1,19.35,0.1605,0.599,1.258,8,2.99,2.31,0.251,0.0485,995.0999999999999,49.1,8.55,51.1,32,2.12,47.32
NEON.PLA.D08.LENO.00631,D08,QUNI,23.7,Quercus nigra L.,10.8,LENO,31.808121,-88.179966,108.1,0.466,24.66,22.05,0.144,0.743,0.571,9.29,2.43,2.29,0.144,0.054,987.7,39.2,6.1,9.2,37.3,1.98,50.37
NEON.PLA.D08.LENO.00647,D08,QUMI,20.4,Quercus michauxii Nutt.,11.6,LENO,31.814261,-88.18736,83.9,0.456,18.52,20.605,0.23,1.166,0.841,8,1.6,2.53,0.192,0.05,1298.2,46.3,8.7,25.8,33,2.34,50
NEON.PLA.D08.LENO.00652,D08,QUMI,20.9,Quercus michauxii Nutt.,11.6,LENO,31.814261,-88.18736,60.8,0.455,18.54,20.76,0.213,0.956,0.584,10.42,2.68,2.83,0.133,0.046,1267.9,34.6,10,20.2,33,2.24,49.35
NEON.PLA.D08.LENO.00667,D08,QUPA5,29.8,Quercus pagoda Raf.,11.6,LENO,31.814261,-88.18736,91.2,0.482,26.09,23.46,0.144,0.897,0.367,9.11,2.01,2.44,0.121,0.042,1329.8,40.2,7.1,15.1,34.7,1.95,49.91
NEON.PLA.D08.LENO.00752,D08,QULA3,11.6,Quercus laurifolia Michx.,13.8,LENO,31.812513,-88.202235,66.1,0.348,13.82,20.48,0.135,0.624,0.492,8.14,2.05,2.04,0.149,0.045,1276.1,52.4,8.6,14.8,21.7,1.82,49.78
NEON.PLA.D08.LENO.00773,D08,QULA3,18.3,Quercus laurifolia Michx.,13.8,LENO,31.812513,-88.202235,165,0.565,19.04,24.77,0.114,0.475,0.491,6.44,1.44,1.74,0.131,0.034,1482.9,51.3,6,16.8,29.2,1.53,50.185
NEON.PLA.D08.LENO.00799,D08,LIST2,7.2,Liquidambar styraciflua L.,13.8,LENO,31.812513,-88.202235,48.3,0.268,25.38,22.44,0.219,0.735,0.552,6.09,1.35,1.61,0.216,0.065,845.2,47.9,7.6,12.7,33.2,2.45,50.3
NEON.PLA.D08.LENO.01186Z,D08,ULAM,12.5,Ulmus americana L.,10.8,LENO,31.808121,-88.179966,53.9,0.334,17.630000000000003,19.270000000000003,0.285,1.606,1.398,15.98,5.55,3.4,0.245,0.048,106.3,50.5,5.5,37.9,16.1,2.22,44.91
NEON.PLA.D08.LENO.01187Z,D08,PLOC,10.2,Platanus occidentalis L.,12.8,LENO,31.824646,-88.177622,62,0.382,29.12,21.24,0.268,1.171,0.543,8.8,2.64,1.91,0.152,0.061,112,67.8,7.7,12.7,24.6,2,49.26
NEON.PLA.D08.LENO.01188Z,D08,FRPE,4.8,Fraxinus pennsylvanica Marshall,12.8,LENO,31.824646,-88.177622,2.1,0.287,24.27,19.94,0.316,1.574,0.837,16,4.61,4.23,0.265,0.097,52,71.8,13.3,11.7,30.8,2.78,47.64
NEON.PLA.D08.LENO.01189Z,D08,CACA18,6.4,Carpinus caroliniana Walter,13.7,LENO,31.857548,-88.163273,63.7,0.455,6.57,16.72,0.167,0.562,1.138,9.48,3.34,2.17,0.174,0.049,1402,57.3,11.5,27.1,22.4,1.8,44.84
NEON.PLA.D08.LENO.01190Z,D08,FRPE,6.8,Fraxinus pennsylvanica Marshall,11.3,LENO,31.857053,-88.161742,35.3,0.322,23.02,28.26,0.32,1.624,1.209,21.36,6.71,5.39,0.197,0.093,35.9,75.6,18,25.2,20.4,2.35,47.29
NEON.PLA.D08.LENO.01191Z,D08,ULAM,8.1,Ulmus americana L.,11.3,LENO,31.857053,-88.161742,41.9,0.325,15.65,19.53,0.302,1.5,1.336,18.84,6.5,3.62,0.331,0.057,137.1,65.5,8.9,33.1,24.4,2.57,44.86
NEON.PLA.D08.LENO.01202,D08,QUPA5,25.4,Quercus pagoda Raf.,15.4,LENO,31.811628,-88.181313,83.6,0.442,24.34,22.61,0.165,1.036,0.656,7.29,1.55,2,0.139,0.053,1394.7,45.5,9.3,19,35.5,2.15,50.24
NEON.PLA.D08.LENO.01203Z,D08,QUPH,19,Quercus phellos L.,12.4,LENO,31.821088,-88.182303,74.6,0.433,22.64,19.27,0.168,0.801,0.497,9.03,2.17,2.47,0.148,0.052,1361.3,40.3,7.9,22.2,28.7,2.22,48.86
NEON.PLA.D08.LENO.01206,D08,CACA18,10.4,Carpinus caroliniana Walter,15.4,LENO,31.811628,-88.181313,54.9,0.434,6.69,19.28,0.181,0.802,1.345,9.28,2.91,2.35,0.168,0.047,1016.9,44.5,11.1,22.8,37.3,2.18,47.28
NEON.PLA.D08.LENO.08425,D08,QUNI,19.5,Quercus nigra L.,12.4,LENO,31.854294,-88.160718,68.2,0.425,21.33,26.67,0.168,0.817,0.667,11,3.02,2.45,0.169,0.05,705.3,37.1,7.2,20.2,37,1.9249999999999998,49.614999999999995
NEON.PLA.D08.LENO.08444,D08,ULAM,7,Ulmus americana L.,12.4,LENO,31.854294,-88.160718,58.4,0.327,17.77,19.63,0.294,1.876,1.0725,13.06,4.03,3.26,0.253,0.057999999999999996,58.7,47.55,5.800000000000001,52.1,33.1,2.65,45.57
NEON.PLA.D08.LENO.08458,D08,LIST2,10.7,Liquidambar styraciflua L.,12.4,LENO,31.854294,-88.160718,58.6,0.287,18.06,17.89,0.295,1.39,0.617,12.08,3.8,2.67,0.293,0.075,995.4,38,10.8,20.7,39.3,2.44,49.71
NEON.PLA.D08.LENO.08521,D08,CACA18,4.7,Carpinus caroliniana Walter,12.1,LENO,31.85541,-88.160398,46.8,0.449,6.63,18.88,0.168,0.677,1.383,12.02,4.25,2.6,0.199,0.049,582.4,47.7,8.3,18.5,29.8,2,47.54
NEON.PLA.D08.LENO.08527,D08,LIST2,16.3,Liquidambar styraciflua L.,12.1,LENO,31.85541,-88.160398,65.8,0.299,20.78,17.67,0.238,0.962,0.6,7.45,1.99,1.93,0.208,0.067,736,35.5,7.9,10.4,44.5,2.14,48.91
NEON.PLA.D08.LENO.08530,D08,LIST2,17.5,Liquidambar styraciflua L.,12.1,LENO,31.85541,-88.160398,74.4,0.343,17.5,13.77,0.366,0.929,0.832,6.29,1.7,1.61,0.314,0.069,1027.8,23.2,12.4,13.7,36.7,2.05,48.19
NEON.PLA.D08.LENO.08763,D08,QUNI,11,Quercus nigra L.,11.3,LENO,31.857053,-88.161742,89.3,0.449,21.77,25.09,0.153,0.861,0.779,11.7,3.8,2.38,0.154,0.052,676.3,42.9,7.4,21.2,34.3,2.15,49.61
NEON.PLA.D08.LENO.11695Z,D08,QULA3,19,Quercus laurifolia Michx.,10.9,LENO,31.806907,-88.19388,93.9,0.467,18.32,20.48,0.132,0.639,0.44,8.41,2.44,2.19,0.162,0.044,1450.2,36.8,6.7,16,22.8,1.96,49.35
NEON.PLA.D08.LENO.11696Z,D08,CELA,15.5,Celtis laevigata Willd.,10.3,LENO,31.808316,-88.188214,40,0.354,6.45,14.36,0.311,1.727,2.678,13.34,3.25,3.84,0.4,0.072,138.4,50.7,9.4,19.4,24.8,3.48,44.35
NEON.PLA.D08.LENO.11697Z,D08,LIST2,21.4,Liquidambar styraciflua L.,15.4,LENO,31.811628,-88.181313,46.3,0.262,14.05,13.67,0.335,1.621,0.609,9.74,2.1,2.59,0.201,0.066,597.3,46.8,14.6,15.8,42.4,2.47,49.73
NEON.PLA.D08.LENO.11698Z,D08,QUPA5,7.8,Quercus pagoda Raf.,13.3,LENO,31.827863,-88.181486,63.3,0.405,20.92,23.14,0.198,1.012,0.67,9.71,2.63,2.24,0.164,0.053,457.7,49.1,8.6,19.1,27.6,2.48,49.65
NEON.PLA.D08.LENO.11699Z,D08,LIST2,10.2,Liquidambar styraciflua L.,16.7,LENO,31.825951,-88.183041,54.1,0.321,17.82,15.62,0.134,0.615,0.492,9.07,2,2.7,0.146,0.069,826.6,41.1,11.5,17.1,43.9,2.62,49.32
NEON.PLA.D08.LENO.14643,D08,ULAM,12.5,Ulmus americana L.,13.7,LENO,31.857548,-88.163273,62.4,0.371,17.45,19.9,0.27,1.483,1.666,13.8,4.62,3.03,0.224,0.047,122.6,55.2,5.9,39.1,14.9,2.18,44.41
NEON.PLA.D08.TALL.00207,D08,QUAL,5.3,Quercus alba L.,105.1,TALL,32.899796,-87.406679,81,0.484,17.26,18.82,0.119,0.553,0.477,3.42,0.72,1.03,0.19,0.108,1311.5,65.6,7.3,22.5,27.2,1.68,46.97
NEON.PLA.D08.TALL.00213,D08,LIST2,17.8,Liquidambar styraciflua L.,135.8,TALL,32.951506,-87.398919,95.8,0.372,30.49,22.79,0.131,1.046,0.538,5.87,1.31,1.31,0.304,0.12,723.1,65.1,10.2,17.2,30.3,1.5950000000000002,48.55
NEON.PLA.D08.TALL.00231,D08,PITA,22.3,Pinus taeda L.,135.8,TALL,32.951506,-87.398919,277.8,0.482,22.05,24.65,0.11699999999999999,1.0545,0.139,8.19,2.1,2.22,0.096,0.0885,438.70000000000005,61.95,20.7,12.600000000000001,35.599999999999994,1.22,50.31
NEON.PLA.D08.TALL.00248,D08,LITU,27.6,Liriodendron tulipifera L.,135.8,TALL,32.951506,-87.398919,70.6,0.305,15.81,17.47,0.171,1.238,1.036,4.64,1.04,1.25,0.473,0.164,459.3,61.9,10.5,22.6,21,2.33,48.39
NEON.PLA.D08.TALL.00380,D08,PIPA2,12.7,Pinus palustris Mill.,132,TALL,32.957884,-87.432613,279.4,0.463,17.85,22.81,0.068,0.521,0.116,2.68,0.54,0.85,0.069,0.074,291.6,74.3,3,13.5,49.8,0.8,50.33
NEON.PLA.D08.TALL.00474,D08,PITA,17.5,Pinus taeda L.,132,TALL,32.957884,-87.432613,278.4,0.5,19.94,20.75,0.104,0.663,0.19,2.38,0.52,0.75,0.074,0.081,535.1,78.5,3.1,11.1,56.6,1.12,52.23
NEON.PLA.D08.TALL.00562,D08,PIPA2,19.5,Pinus palustris Mill.,119.9,TALL,32.897128,-87.397349,376.2,0.464,18.69,24.71,0.053,0.42,0.245,3.42,0.86,1.14,0.05,0.061,715.4,60.5,2.1,8.4,29.7,0.7,48.66
NEON.PLA.D08.TALL.00667,D08,PIPA2,10.1,Pinus palustris Mill.,132,TALL,32.957884,-87.432613,321.9,0.467,19.66,25.54,0.07,0.564,0.111,2.6,0.52,0.81,0.072,0.078,337.4,55.8,3.3,12.9,47.3,0.89,49.69
NEON.PLA.D08.TALL.00922,D08,QUAL,11.1,Quercus alba L.,82.5,TALL,32.974429,-87.42694,88.4,0.465,17.1,20.65,0.141,1.124,0.513,5.44,1.36,1.36,0.159,0.109,844,58.6,8.7,15.9,27.8,1.52,48.46
NEON.PLA.D08.TALL.00925,D08,LITU,18.5,Liriodendron tulipifera L.,82.5,TALL,32.974429,-87.42694,73.7,0.271,16.39,19.43,0.178,1.722,0.48,6.25,1.68,1.42,0.308,0.145,489.6,50.1,11.3,16,32.3,2.78,48.67
NEON.PLA.D08.TALL.00964,D08,PIPA2,15.6,Pinus palustris Mill.,82.5,TALL,32.974429,-87.42694,316.8,0.475,18.81,25.63,0.072,0.616,0.068,2.6,0.51,0.86,0.059,0.061,258.2,48,2.7,7.1,23.4,0.575,49.385
NEON.PLA.D08.TALL.00995,D08,QUMO4,10.4,Quercus montana Willd.,118.3,TALL,32.922158,-87.428893,62.8,0.435,24.86,21.31,0.127,0.912,0.577,6.75,1.52,1.65,0.216,0.116,2003.1,72.7,6.6,40.9,23.8,1.91,48.43
NEON.PLA.D08.TALL.01092,D08,PITA,8.9,Pinus taeda L.,118.3,TALL,32.922158,-87.428893,206.9,0.403,20.41,22.21,0.128,0.895,0.153,5.44,1.72,1.19,0.142,0.107,794.4,70.1,6,23.5,50.2,1.45,50.73
NEON.PLA.D08.TALL.01106,D08,LIST2,8.6,Liquidambar styraciflua L.,118.3,TALL,32.922158,-87.428893,40.5,0.267,24.93,22.06,0.128,1.024,0.73,3.18,0.88,0.82,0.416,0.16,2309.6,48.2,8,20.5,55.1,1.63,47.98
NEON.PLA.D08.TALL.01834,D08,LIST2,23.9,Liquidambar styraciflua L.,97.8,TALL,32.898843,-87.446128,90.9,0.378,23.35,25.97,0.118,0.81,0.463,4.62,1.09,1.35,0.245,0.117,1079.4,41,8.4,11.9,27.6,1.57,49.75
NEON.PLA.D08.TALL.01903,D08,PIPA2,22.8,Pinus palustris Mill.,117.9,TALL,32.950148,-87.397284,220.1,0.272,17.41,27.03,0.077,0.531,0.14,2.48,0.43,0.8,0.091,0.087,542.9,61.8,3.2,10,35.9,0.88,48.73
NEON.PLA.D08.TALL.01905,D08,NYSY,20,Nyssa sylvatica Marshall,98.6,TALL,32.977667,-87.432716,90.4,0.408,9.67,17.44,0.101,0.798,0.424,2.15,0.82,0.72,0.385,0.118,511.4,56.1,7.1,16.7,26.4,1.25,49.38
NEON.PLA.D08.TALL.01906,D08,PITA,19.4,Pinus taeda L.,117.9,TALL,32.950148,-87.397284,250.4,0.51,16.03,20.75,0.102,0.593,0.224,4.45,1.07,1.21,0.124,0.077,906.4,67.6,3.1,11.5,51.1,1.09,49.56
NEON.PLA.D08.TALL.01918,D08,QUAL,13.3,Quercus alba L.,117.9,TALL,32.950148,-87.397284,47.3,0.272,19.81,21.89,0.128,0.847,0.434,3.83,0.73,1.22,0.16,0.102,1470.8,58.1,7.6,18.3,27,1.79,48.43
NEON.PLA.D08.TALL.02017,D08,PIPA2,16.7,Pinus palustris Mill.,117.6,TALL,32.884749,-87.454396,332.5,0.491,19.665,27.1,0.062,0.588,0.14,3.71,0.98,1.23,0.102,0.067,845.7,43.1,2.7,6.1,43,0.665,49.255
NEON.PLA.D08.TALL.02026,D08,PIPA2,19.3,Pinus palustris Mill.,117.6,TALL,32.884749,-87.454396,328.2,0.481,20.43,24.31,0.073,0.409,0.132,4.55,1.06,1.5,0.085,0.082,864.9,45.7,3,7.1,45,0.86,48.35
NEON.PLA.D08.TALL.02111,D08,NYSY,19.3,Nyssa sylvatica Marshall,98.6,TALL,32.977667,-87.432716,62.1,0.375,7.26,17.24,0.14300000000000002,0.915,0.245,1.58,0.51,0.66,0.3215,0.11,804.1,33.099999999999994,7,12.399999999999999,20.5,1.32,47.4
NEON.PLA.D08.TALL.02155,D08,NYSY,22.9,Nyssa sylvatica Marshall,98.6,TALL,32.977667,-87.432716,123.7,0.451,7.83,14.55,0.09,0.542,0.394,3.41,1.45,1.26,0.409,0.101,833.9,40.4,7.7,18.7,18.1,1.17,48.04
NEON.PLA.D08.TALL.02330,D08,PIPA2,17,Pinus palustris Mill.,124.8,TALL,32.948793,-87.397268,256.65000000000003,0.42100000000000004,23.34,26.09,0.093,0.737,0.1,2.69,0.53,0.89,0.056,0.114,349.9,66.6,3.3,6.9,43.4,0.89,51.46
NEON.PLA.D08.TALL.02342,D08,PIEC2,11.4,Pinus echinata Mill.,124.8,TALL,32.948793,-87.397268,236.6,0.493,22.52,19.97,0.097,0.488,0.176,1.92,0.39,0.61,0.106,0.078,534.3,67.6,3.5,12.5,29.4,0.96,48.47
NEON.PLA.D08.TALL.02629,D08,QUMO4,24.8,Quercus montana Willd.,113,TALL,32.921617,-87.433388,141.85000000000002,0.506,22.1,16.72,0.104,1.145,0.298,3.7,0.78,1.13,0.172,0.101,1292.2,51.8,16.9,20.6,26.6,1.75,51.2
NEON.PLA.D08.TALL.02782,D08,QUAL,20.9,Quercus alba L.,113,TALL,32.921617,-87.433388,110.5,0.476,16.4,18.97,0.113,1.061,0.32,3.19,0.63,1.01,0.14,0.096,1448.2,68,8.8,14.7,18.1,1.605,48.209999999999994
NEON.PLA.D08.TALL.03295,D08,PIEC2,16.2,Pinus echinata Mill.,130.1,TALL,32.952869,-87.397604,282.1,0.47,17.87,18.72,0.092,0.543,0.305,2.9,0.67,0.84,0.1,0.077,926.7,78.5,3.2,10,55.1,0.98,49.31
NEON.PLA.D08.TALL.03408,D08,PIEC2,12.4,Pinus echinata Mill.,130.1,TALL,32.952869,-87.397604,315.2,0.459,21.37,18.7,0.102,0.695,0.18,3,0.84,0.79,0.114,0.083,542.8,61.6,3.5,10,47.3,1.11,49.64
NEON.PLA.D08.TALL.03426,D08,LITU,13.3,Liriodendron tulipifera L.,130.1,TALL,32.952869,-87.397604,75.5,0.341,20.4,17.97,0.166,1.168,0.649,5.83,1.5,1.54,0.333,0.146,353,71.4,10.5,17,29.9,2.18,48.38
NEON.PLA.D08.TALL.11010,D08,LIST2,6.7,Liquidambar styraciflua L.,105.1,TALL,32.899796,-87.406679,72.2,0.353,29.29,22.25,0.146,0.852,0.558,3.4,0.91,0.95,0.309,0.113,729.7,43.4,9.4,13.7,54.3,1.63,48.77
NEON.PLA.D08.TALL.11026,D08,QUAL,4.1,Quercus alba L.,105.1,TALL,32.899796,-87.406679,83.4,0.505,19.58,21.47,0.106,0.5,0.528,3.77,0.87,1.15,0.231,0.11,1220.3,84.3,8,13.1,26.5,1.68,47.84
NEON.PLA.D08.TALL.11693Z,D08,QUFA,2.9,Quercus falcata Michx.,97.8,TALL,32.898843,-87.446128,87.63333333333333,0.49366666666666664,19.30666666666667,24.223333333333333,0.09999999999999999,0.598,0.322,3.4333333333333336,0.8233333333333334,1.0133333333333334,0.19866666666666666,0.08666666666666667,1061.1999999999998,40.9,6.733333333333333,17.066666666666666,20.566666666666666,1.4933333333333332,48.97666666666667
NEON.PLA.D08.TALL.11694Z,D08,NYSY,5.1,Nyssa sylvatica Marshall,117.6,TALL,32.884749,-87.454396,76.3,0.401,6.17,12.99,0.098,0.874,0.267,3.95,1.4,1.23,0.361,0.1,1695,43.7,6.7,16.7,17.3,1.39,47.22
NEON.PLA.D08.TALL.13096Z,D08,QUFA,21.4,Quercus falcata Michx.,119.9,TALL,32.897128,-87.397349,122.2,0.313,18.08,20.93,0.12,0.898,0.29,2.38,0.56,0.73,0.181,0.103,1021,45.4,9.1,24.5,27.6,1.66,49.57
NEON.PLA.D08.TALL.13097Z,D08,PIPA2,16.7,Pinus palustris Mill.,119.9,TALL,32.897128,-87.397349,393.1,0.453,20.73,27.05,0.075,0.418,0.158,3.96,0.89,1.22,0.09,0.066,611.3,48,3.1,12.9,31.9,0.85,48.8
NEON.PLA.D08.TALL.13098Z,D08,QUFA,1.8,Quercus falcata Michx.,122.8,TALL,32.89353,-87.415341,97.7,0.491,28.21,22.73,0.095,0.593,0.42,3.13,0.93,0.79,0.205,0.106,467.5,43.7,7.5,32.8,27.3,1.8,50.52
NEON.PLA.D08.TALL.13099Z,D08,LIST2,1.4,Liquidambar styraciflua L.,122.8,TALL,32.89353,-87.415341,84.2,0.345,24.09,21.42,0.162,0.823,0.428,4.79,1.2,1.36,0.3,0.116,516.6,45.2,4.2,20.4,23,1.7,48.92
NEON.PLA.D08.TALL.13100Z,D08,LIST2,1.3,Liquidambar styraciflua L.,122.8,TALL,32.89353,-87.415341,76.3,0.336,26.21,31.42,0.154,0.949,0.383,11.69,3.24,2.62,0.287,0.134,403.5,45.7,6.6,15.7,34.3,1.46,48.32
NEON.PLA.D13.MOAB.00396,D13,ARTR2,1.3,Artemisia tridentata Nutt.,1996.4,MOAB,38.265495,-109.34184,148.8,0.655,13.76,17.84,0.314,0.197,0.348,4.65,1.36,1.6,0.438,0.173,56,61.1,8,57.5,35.4,1.99,51.05
NEON.PLA.D13.MOAB.00398,D13,ARTR2,0.8,Artemisia tridentata Nutt.,1996.4,MOAB,38.265495,-109.34184,159.1,0.642,12.91,18.08,0.334,1.287,0.374,4.24,1.3,1.34,0.202,0.165,44.7,78.3,4.1,56.4,21,1.62,49.77
NEON.PLA.D13.MOAB.00503,D13,ARTR2,0.5,Artemisia tridentata Nutt.,1996.4,MOAB,38.265495,-109.34184,182.1,0.654,11.94,19.6,0.301,1.081,0.432,3.94,1.19,1.28,0.169,0.17,39.7,61.9,4.6,71.9,25.9,1.56,50.48
NEON.PLA.D13.MOAB.00518,D13,PIED,3.5,Pinus edulis Engelm.,2018.6,MOAB,38.26229,-109.344633,302.5,0.495,20.52,19.77,0.093,0.4455,0.478,2.01,0.7,1.04,0.1915,0.0755,17.25,47.7,1.55,22.1,10.7,0.82,51.07
NEON.PLA.D13.MOAB.00540,D13,PIED,1.7,Pinus edulis Engelm.,2018.6,MOAB,38.26229,-109.344633,318.7,0.489,18.67,19.31,0.161,0.391,0.647,1.93,0.66,1.06,0.209,0.07,23.1,46.8,3.7,23.5,41.9,0.86,50.83
NEON.PLA.D13.MOAB.00631,D13,PIED,2.9,Pinus edulis Engelm.,2006.8,MOAB,38.261287,-109.349483,323.4,0.506,18.15,22.17,0.094,0.768,3.374,3.22,0.97,1.31,0.48,0.1,63.6,143.8,5.1,20.2,23.2,0.99,50.52
NEON.PLA.D13.MOAB.00656,D13,PIED,3.2,Pinus edulis Engelm.,2006.8,MOAB,38.261287,-109.349483,360.3,0.52,23.54,21.98,0.093,0.605,0.314,6.05,2.28,2.7,0.116,0.092,9.3,46.2,2.2,20.2,16.8,0.95,51.28
NEON.PLA.D14.JORN.02593,D14,PRGL2,0.3,Prosopis glandulosa Torr.,1320,JORN,32.593905,-106.797359,141.2,0.534,12.54,14.65,0.153,1.422,1.048,5.26,0.99,1.68,0.229,0.257,48,62.9,23.4,108.5,41.4,3.25,48.53
NEON.PLA.D14.JORN.02595,D14,PRGL2,0.9,Prosopis glandulosa Torr.,1323.5,JORN,32.575696,-106.803388,160.8,0.493,12.38,20.22,0.148,1.137,1.124,5,0.92,1.74,0.226,0.275,61.9,86.9,11.3,104.8,34.9,2.95,48.14
NEON.PLA.D14.JORN.02596,D14,PRGL2,0.7,Prosopis glandulosa Torr.,1323.5,JORN,32.575696,-106.803388,110.6,0.484,13.11,19.56,0.156,1.421,0.784,6.22,1.38,1.71,0.214,0.225,33.3,74.5,10.4,59.9,29.4,2.94,48.31
NEON.PLA.D14.JORN.02598,D14,PRGL2,0.8,Prosopis glandulosa Torr.,1331.6,JORN,32.630328,-106.86076,144.9,0.501,12.62,17.69,0.142,1.355,0.879,4.04,0.92,1.05,0.308,0.273,32.2,101.7,15.8,76,27.5,2.75,48.59
NEON.PLA.D14.JORN.02599,D14,PRGL2,0.6,Prosopis glandulosa Torr.,1331.6,JORN,32.630328,-106.86076,140.5,0.572,14.49,17.44,0.119,1.0619999999999998,1.1775,4.27,0.81,1.49,0.2445,0.257,67.35,162.95,9.05,88.3,29.6,2.28,48.23
NEON.PLA.D14.JORN.02600,D14,PRGL2,0.8,Prosopis glandulosa Torr.,1331.6,JORN,32.630328,-106.86076,191.3,0.535,11.89,16.86,0.122,0.884,1.888,3.61,0.7,1.3,0.442,0.318,86.4,143.9,11.5,150.6,42.6,2.63,46.94
NEON.PLA.D14.JORN.02681,D14,PRGL2,0.6,Prosopis glandulosa Torr.,1323.4,JORN,32.60493,-106.802046,154.3,0.523,11.51,17.06,0.175,1.541,0.67,8.09,1.47,2.43,0.216,0.271,58,86.5,19.5,64.7,25.8,3.05,48.77
NEON.PLA.D14.JORN.02683,D14,PRGL2,0.6,Prosopis glandulosa Torr.,1328.2,JORN,32.611356,-106.826155,163.2,0.5,9.94,14.81,0.145,1.7,0.627,6.49,1.19,1.88,0.211,0.227,36.9,121.2,26.7,82.5,53.4,2.87,47.92
NEON.PLA.D14.JORN.02684,D14,PRGL2,0.7,Prosopis glandulosa Torr.,1328.2,JORN,32.611356,-106.826155,168,0.539,10.3,16.28,0.124,1.424,0.465,5.75,1.09,1.67,0.166,0.203,39.4,70.3,19.8,65.1,48,2.67,48.25
NEON.PLA.D14.JORN.02686,D14,PRGL2,0.7,Prosopis glandulosa Torr.,1326.7,JORN,32.611448,-106.83769,145.2,0.503,13.48,17.28,0.164,1.599,0.576,7.53,1.48,2.11,0.167,0.26,46.4,69.6,21.2,101.6,39.7,3.14,49.5
NEON.PLA.D14.JORN.02688,D14,PRGL2,0.9,Prosopis glandulosa Torr.,1326.7,JORN,32.611448,-106.83769,139.6,0.512,13.29,17.35,0.158,1.277,0.916,8.11,1.73,2,0.264,0.251,53.6,59.8,26.8,106,45.4,3.39,49.11
NEON.PLA.D14.JORN.02689,D14,PRGL2,0.5,Prosopis glandulosa Torr.,1331.7,JORN,32.628336,-106.847936,157.1,0.576,13.53,18.37,0.134,0.975,0.71,4.13,0.91,1.31,0.285,0.286,51.5,66.7,24.7,139.7,43.9,2.47,49.66
NEON.PLA.D14.JORN.02690,D14,PRGL2,0.4,Prosopis glandulosa Torr.,1331.7,JORN,32.628336,-106.847936,111.4,0.494,14.1,21.9,0.178,1.382,0.672,8.58,2,1.92,0.266,0.255,40.7,76.4,11.4,68.9,47.2,3.26,49.45
NEON.PLA.D14.JORN.02691,D14,PRGL2,0.6,Prosopis glandulosa Torr.,1331.7,JORN,32.628336,-106.847936,136.5,0.523,11.51,15.47,0.118,0.962,1.191,5.17,1.15,1.29,0.309,0.273,55.3,178,11.3,108.8,35.1,2.48,48
NEON.PLA.D14.JORN.02693,D14,PRGL2,0.7,Prosopis glandulosa Torr.,1321.1,JORN,32.600614,-106.838099,175.5,0.558,12.545,16.605,0.144,1.1585,1.177,4.33,0.9,1.45,0.244,0.2495,33,79.3,20,118.64999999999999,38.3,3.0999999999999996,48.5
NEON.PLA.D14.JORN.02695,D14,PRGL2,0.8,Prosopis glandulosa Torr.,1323.2,JORN,32.590562,-106.82446,157,0.55,13.8,17.64,0.132,1.284,1.096,5.02,1.19,1.48,0.328,0.259,37.6,127,19.2,160.2,33.1,2.7,48.58
NEON.PLA.D14.JORN.02696,D14,PRGL2,1,Prosopis glandulosa Torr.,1323.2,JORN,32.590562,-106.82446,150.3,0.546,11.37,33.62,0.147,1.229,1.003,5.08,1.08,1.53,0.279,0.273,52.5,102.8,11.4,104.6,35,2.89,47.64
NEON.PLA.D14.JORN.02697,D14,PRGL2,0.6,Prosopis glandulosa Torr.,1323.2,JORN,32.590562,-106.82446,162.6,0.583,14.59,15.22,0.109,1.056,1.399,3.39,0.73,1.16,0.373,0.28,55.7,177,11.9,142.8,25.9,2.36,47.955
NEON.PLA.D14.JORN.02699,D14,PRGL2,1.2,Prosopis glandulosa Torr.,1323.5,JORN,32.607919,-106.856765,140.6,0.541,13.61,19.88,0.141,1.544,0.959,7.54,1.45,2.11,0.208,0.256,38.3,81.4,23.9,41.9,50.3,3.07,48.11
NEON.PLA.D14.JORN.02700,D14,PRGL2,1.1,Prosopis glandulosa Torr.,1323.5,JORN,32.607919,-106.856765,154.3,0.568,15.54,19.41,0.136,1.125,0.774,6.21,0.93,2.13,0.165,0.244,27.6,66.2,22.6,56.1,63.6,2.98,49.61
