individualID,domainID,taxonID,subsample1Height,scientificName,elevation,siteID,decimalLatitude,decimalLongitude,leafMassPerArea,ligninPercent,cellulosePercent,foliarPhosphorusConc,foliarPotassiumConc,foliarCalciumConc,extractChlAConc,extractChlBConc,extractCarotConc,foliarMagnesiumConc,foliarSulfurConc,foliarManganeseConc,foliarIronConc,foliarCopperConc,foliarBoronConc,foliarZincConc,nitrogenPercent,carbonPercent
NEON.PLA.D01.HARV.01053,D01,BELE,10.4,Betula lenta L.,190.6,HARV,42.424254,-72.258286,53.1,25.6,16.5,0.193,1.022,0.736,14,4.06,3.67,0.195,0.107,2764,78.6,6.3,34,71.8,2,49.37
NEON.PLA.D01.HARV.01054,D01,QURU,17.9,Quercus rubra L.,190.6,HARV,42.424254,-72.258286,91.2,20.88,15.87,0.125,0.627,0.954,6.26,1.54,1.8,0.156,0.11,1930.6,43.4,5.4,48,20.7,1.91,49.21
NEON.PLA.D01.HARV.01059,D01,ACRU,8.3,Acer rubrum L.,190.6,HARV,42.424254,-72.258286,70.3,14.21,16.41,0.172,0.696,0.655,10.94,3.13,2.89,0.127,0.095,1647.5,44.5,6.8,39.2,1.8,1.6,48.37
NEON.PLA.D01.HARV.01135,D01,ACSA3,14.8,Acer saccharum Marshall,184.3,HARV,42.39229,-72.25461,68.6,10.91,14.54,0.197,0.915,0.897,16.64,5.03,4.95,0.079,0.175,1228.8,56.7,5.2,51,10.8,1.73,47.31
NEON.PLA.D01.HARV.01137,D01,PIST,18.6,Pinus strobus L.,184.3,HARV,42.39229,-72.25461,188.6,18.55,18.07,0.127,0.34,0.29,9.56,2.89,2.29,0.115,0.1,616.6,38.5,4.7,18.6,40.7,1.41,51.855000000000004
NEON.PLA.D01.HARV.01146,D01,QURU,22.8,Quercus rubra L.,184.3,HARV,42.39229,-72.25461,98.3,12.77,14.53,0.139,0.389,0.632,16.68,3.56,4.06,0.129,0.112,1329.8,33.7,4.8,25.5,15.4,1.87,48.22
NEON.PLA.D01.HARV.01163,D01,QUVE,14.5,Quercus velutina Lam.,188.5,HARV,42.403097,-72.253722,95.9,21.21,17.11,0.144,0.451,0.509,11.68,2.16,3.14,0.24,0.105,2031.1,38.2,4.3,43.3,11.2,1.65,49.41
NEON.PLA.D01.HARV.01176,D01,QUAL,12.2,Quercus alba L.,188.5,HARV,42.403097,-72.253722,87.9,12.75,16.65,0.155,0.531,0.373,19.92,5.15,5.54,0.121,0.132,1271.1,45.1,6.3,56.4,3.8,1.91,44.29
NEON.PLA.D01.HARV.01226,D01,PIST,18.8,Pinus strobus L.,188.1,HARV,42.434194,-72.198778,200.3,17.49,17.21,0.155,0.373,0.268,12.56,3.73,2.74,0.108,0.096,517.9,46.6,3.5,15.9,12.9,1.38,52.35
NEON.PLA.D01.HARV.01397,D01,PIST,16.7,Pinus strobus L.,206.5,HARV,42.424733,-72.2546,169,17.435000000000002,17.94,0.102,0.355,0.198,8.24,3,2.17,0.106,0.103,312.8,51.5,2.7,19.4,9.5,1.22,51.54
NEON.PLA.D01.HARV.01410,D01,PIST,17.2,Pinus strobus L.,188.1,HARV,42.434194,-72.198778,186.2,18.39,17.22,0.163,0.39,0.308,10.26,2.94,2.22,0.126,0.098,605.9,40.6,4.1,13.4,26.5,1.27,51.74
NEON.PLA.D01.HARV.01422,D01,PIST,18.4,Pinus strobus L.,188.1,HARV,42.434194,-72.198778,189.4,21.4,18.93,0.16199999999999998,0.36350000000000005,0.2855,12.48,3.44,2.85,0.1285,0.0965,562.9,34.55,4.2,29.25,38.8,1.24,52.06
NEON.PLA.D01.HARV.01532,D01,QURU,20.3,Quercus rubra L.,187.7,HARV,42.48948,-72.2752,103.7,23.09,16.94,0.101,0.472,0.664,8.18,1.63,2.56,0.163,0.113,2122.5,54.3,5.1,38.9,4.4,1.935,50.005
NEON.PLA.D01.HARV.01545,D01,QURU,17.3,Quercus rubra L.,187.7,HARV,42.48948,-72.2752,105.8,23.32,17.01,0.112,0.484,0.809,7.44,1.59,1.99,0.157,0.115,1910.6,44.7,4.3,34.4,13.8,1.85,50.36
NEON.PLA.D01.HARV.01559,D01,ACRU,13.9,Acer rubrum L.,187.7,HARV,42.48948,-72.2752,88.4,11.14,12.68,0.119,0.428,0.529,7.86,2.11,2.01,0.155,0.092,1401.1,43.6,8.6,39.4,15.9,1.37,48.85
NEON.PLA.D01.HARV.01650,D01,TSCA,5.5,Tsuga canadensis (L.) Carrière,206.5,HARV,42.424733,-72.2546,123.3,11.7,17.35,0.164,0.706,0.238,10.32,4.28,3.68,0.108,0.114,340.8,41,3.7,28.7,3.6,1.65,51.3
NEON.PLA.D01.HARV.01660,D01,QURU,19.6,Quercus rubra L.,206.5,HARV,42.424733,-72.2546,99.3,17.08,15.06,0.09,0.401,0.927,10.6,1.92,3.25,0.177,0.099,1018.5,51,3.5,53,16.7,1.57,49.76
NEON.PLA.D01.HARV.01779,D01,QURU,17.3,Quercus rubra L.,188.5,HARV,42.403097,-72.253722,109.1,18.77,15.19,0.1165,0.3865,0.4865,21.6,5.88,5.4,0.1835,0.113,1863.9,46.9,5.05,54,15.600000000000001,1.81,49.02
NEON.PLA.D01.HARV.01928,D01,ACRU,19.5,Acer rubrum L.,199.7,HARV,42.427091,-72.229737,95.2,11.44,11.12,0.13,0.47,0.841,17.52,4.95,4.76,0.212,0.115,1978.3,52.6,18.2,46.7,18.4,1.84,48.61
NEON.PLA.D01.HARV.01937,D01,QUAL,17.2,Quercus alba L.,199.7,HARV,42.427091,-72.229737,94.7,9.87,15.23,0.091,0.414,0.756,23.32,5.45,5.75,0.184,0.129,1199.4,48,6.9,33.3,3.2,2.25,47.6
NEON.PLA.D01.HARV.02027,D01,ACER,17.1,Acer sp.,225.4,HARV,42.436767,-72.228878,57.3,12.9,15.74,0.082,0.433,1.193,14.58,4.01,3.86,0.158,0.138,818.7,64.4,3.5,34.5,3.2,1.43,48.87
NEON.PLA.D01.HARV.02044,D01,ACRU,24.6,Acer rubrum L.,225.4,HARV,42.436767,-72.228878,108.7,15.54,11.19,0.082,0.316,0.736,8.58,1.92,2.19,0.144,0.101,707.1,72.2,4.4,16.2,13,1.34,51.56
NEON.PLA.D01.HARV.02549,D01,PIST,18.2,Pinus strobus L.,174.6,HARV,42.45244,-72.2505,177.1,22.72,18.8,0.103,0.268,0.149,11.48,2.92,2.68,0.096,0.091,485.6,40.6,2.4,17.6,10.3,1.17,53.11
NEON.PLA.D01.HARV.02829,D01,ACRU,3.9,Acer rubrum L.,174.6,HARV,42.45244,-72.2505,84.2,10.56,11.45,0.11,0.475,0.609,12.52,3.33,3.13,0.154,0.102,1254.6,51.9,7.3,34.5,4.1,1.57,48.83
NEON.PLA.D01.HARV.03223,D01,BELE,13.3,Betula lenta L.,192.6,HARV,42.478578,-72.259572,62.7,24.08,14.01,0.12,0.928,0.67,10.66,2.82,2.95,0.218,0.109,914.9,56.5,5.7,37.5,52,2.07,52.28
NEON.PLA.D01.HARV.03230,D01,BELE,7.2,Betula lenta L.,192.6,HARV,42.478578,-72.259572,58.7,27.66,16.72,0.148,0.959,0.52,14.38,4.14,3.95,0.236,0.11,931.5,59,5.9,42.9,30.4,2.17,51.97
NEON.PLA.D01.HARV.03231,D01,QURU,11.5,Quercus rubra L.,192.6,HARV,42.478578,-72.259572,71.1,16.51,17.22,0.087,0.596,0.849,15.64,3.97,4.18,0.171,0.156,947.1,41.7,4.5,46.9,16,1.93,49.28
NEON.PLA.D01.HARV.04552,D01,TSCA,11.6,Tsuga canadensis (L.) Carrière,366.1,HARV,42.539971,-72.178087,122,9.75,15.89,0.22,0.752,0.385,8.79,2.65,3.17,0.144,0.105,551.3,38,3,46.4,1.8,1.19,51.08
NEON.PLA.D01.HARV.04566A,D01,BELE,11.6,Betula lenta L.,366.1,HARV,42.539971,-72.178087,65.4,22.65,15.57,0.261,1.453,0.155,7.24,1.99,2.28,0.07,0.097,228,51.1,4.4,25,24.5,1.73,50.64
NEON.PLA.D01.HARV.04568,D01,ACRU,11,Acer rubrum L.,366.1,HARV,42.539971,-72.178087,67.6,11.87,13.75,0.32,0.775,0.343,13.82,3.93,3.64,0.147,0.107,347.8,38,6.7,28.6,6.1,1.65,50.26
NEON.PLA.D01.HARV.05180,D01,TSCA,17.3,Tsuga canadensis (L.) Carrière,364.6,HARV,42.537318,-72.17932,119.2,11.7,15.42,0.11599999999999999,0.6065,0.1395,6.8,1.86,2.34,0.109,0.113,269.1,57.3,3.5,61.35,4.85,1.19,50.88
NEON.PLA.D01.HARV.05181,D01,ACRU,17.6,Acer rubrum L.,364.6,HARV,42.537318,-72.17932,102.6,18.29,9.44,0.089,0.498,0.412,15.94,4.8,4.58,0.146,0.102,554.2,34.5,8.3,38.9,4.8,1.5,50.89
NEON.PLA.D01.HARV.05186,D01,TSCA,17.7,Tsuga canadensis (L.) Carrière,364.6,HARV,42.537318,-72.17932,138.8,10.81,17.26,0.141,0.759,0.244,6.51,2.74,2.65,0.095,0.109,503.4,35.8,3.3,9.3,38.6,1.31,50.985
NEON.PLA.D01.HARV.05399,D01,PINUS,25.8,Pinus sp.,372.9,HARV,42.535693,-72.177962,324.7,17.86,18.76,0.099,0.46,0.185,4.87,1.16,1.24,0.117,0.085,644.1,34.8,2.5,17.7,17.9,1.12,52.1
NEON.PLA.D01.HARV.05459,D01,PINUS,22.9,Pinus sp.,372.9,HARV,42.535693,-72.177962,289.9,19.02,20.18,0.097,0.563,0.099,2.97,0.92,0.83,0.098,0.072,484.2,32,3.1,20.5,14.3,1.02,52.1
NEON.PLA.D01.HARV.05483,D01,PINUS,26.4,Pinus sp.,372.9,HARV,42.535693,-72.177962,260,17.91,19.14,0.119,0.537,0.245,4.99,1.23,1.31,0.129,0.075,826.2,33.4,2.7,22.2,23.3,1.08,52.6
NEON.PLA.D01.HARV.05565,D01,PIST,17.6,Pinus strobus L.,174.6,HARV,42.45244,-72.2505,155.1,24.32,21.04,0.125,0.306,0.16,9.78,2.46,2.31,0.105,0.083,524.8,35.1,3,17.9,21.3,1.15,51.73
NEON.PLA.D01.HARV.05625,D01,ACRU,12.4,Acer rubrum L.,359,HARV,42.53831,-72.175606,52.5,11.005,15.14,0.191,0.994,0.446,17.66,5.6,4.39,0.149,0.1,592.3,46.5,5.8,28.4,3.3,1.58,48.51
NEON.PLA.D01.HARV.05632,D01,FRAM2,21.7,Fraxinus americana L.,359,HARV,42.53831,-72.175606,81.6,12.71,25.4,0.255,1.454,0.887,13.08,3.72,3.91,0.287,0.283,40.1,50.3,13.4,38.1,9.6,1.74,47.28
NEON.PLA.D01.HARV.05643,D01,PIAB,21.5,Picea abies (L.) Karst.,359,HARV,42.53831,-72.175606,336.4,15.78,20.89,0.142,1.191,0.253,7.81,2.41,2.14,0.074,0.082,627.2,35.5,2.4,29.6,17.9,0.97,49.23
NEON.PLA.D02.SCBI.00003,D02,JUNI,25,Juglans nigra L.,316.8,SCBI,38.895212,-78.142701,81.4,16.39,17.43,0.22,2.05,1.57,12.45,4.15,4.03,0.67,0.12,105.2,65.6,10.1,53.9,25.2,2.83,47.205
NEON.PLA.D02.SCBI.00011,D02,FRAM2,20.3,Fraxinus americana L.,316.8,SCBI,38.895212,-78.142701,95.2,15.53,23.03,0.29,1.09,1.49,11.02,3.3,2.82,0.3,0.18,48.7,71.4,10.8,30.5,24.4,2.12,47.24
NEON.PLA.D02.SCBI.00279,D02,FRAM2,25.1,Fraxinus americana L.,269.8,SCBI,38.900539,-78.161859,82,17.455,19.33,0.22,0.885,0.985,9.99,2.96,2.64,0.37,0.175,30.5,67.5,6.75,19.05,24.549999999999997,2.24,49.67
NEON.PLA.D02.SCBI.01103,D02,QUAL,21.3,Quercus alba L.,336.7,SCBI,38.887763,-78.147164,58.5,17.04,17.22,0.17,0.41,1.67,10.94,3.5,2.38,0.22,0.12,835.7,64.9,8.2,57.3,53.9,2.43,47.9
NEON.PLA.D02.SCBI.01151,D02,JUNI,24.1,Juglans nigra L.,312.6,SCBI,38.896935,-78.146456,65.1,16.3,14.53,0.16,1.68,1.98,9.52,3.01,3.2,0.55,0.11,67.5,53.2,25.1,46.9,16.5,2.25,47.51
NEON.PLA.D02.SCBI.01496,D02,LITU,27.8,Liriodendron tulipifera L.,314.3,SCBI,38.874379,-78.163985,93.5,17.5,21.68,0.21,0.77,1.95,12.01,4.05,2.7,0.46,0.14,241.8,61.4,9.7,13.4,22,2.26,47.18
NEON.PLA.D02.SCBI.01531,D02,QURU,27.3,Quercus rubra L.,314.3,SCBI,38.874379,-78.163985,108.7,27.5,19.91,0.14,0.47,0.83,10.49,3.06,2.39,0.17,0.12,824.6,53.1,6.3,33.5,18.1,2.78,51.18
NEON.PLA.D02.SCBI.01594,D02,CAOV3,4.3,Carya ovalis (Wangenh.) Sarg.,567.7,SCBI,38.883305,-78.120382,55.1,16.99,24.96,0.11,1.56,1.1,12.71,4.03,2.83,0.33,0.13,202.7,63,7.8,58.4,23.2,2.04,45.37
NEON.PLA.D02.SCBI.01630,D02,LITU,15,Liriodendron tulipifera L.,412.1,SCBI,38.884907,-78.13032,55.3,20.27,24.49,0.17,0.81,1.41,14.52,5.17,2.95,0.48,0.14,650.4,76.8,10.6,17.7,67.6,2.33,47.63
NEON.PLA.D02.SCBI.01655,D02,QURU,8.2,Quercus rubra L.,412.1,SCBI,38.884907,-78.13032,62.2,26.51,21.16,0.16,0.72,1.01,13.08,4.24,2.81,0.25,0.13,165.4,55,8.3,44.3,29.4,2.23,48.65
NEON.PLA.D02.SCBI.01917,D02,ACNEN,5.6,Acer negundo L. var. negundo,493.3,SCBI,38.88477,-78.12516,32.8,15.15,20.41,0.28,1.47,1.58,9.69,3.6,2.14,0.5,0.23,174.9,109.9,6.2,58.1,40.9,3.11,46.49
NEON.PLA.D02.SCBI.01925,D02,ACNEN,7.7,Acer negundo L. var. negundo,493.3,SCBI,38.88477,-78.12516,52.6,17.21,17.44,0.19,1.58,1.13,8.15,2.84,2.25,0.44,0.2,1010.5,69.8,6.1,69.8,33,2.82,48.27
NEON.PLA.D02.SCBI.02256,D02,LITU,15.7,Liriodendron tulipifera L.,397,SCBI,38.894261,-78.137200000000007,58.5,19.51,21.88,0.12,1.1,1.17,10.99,3.73,2.52,0.45,0.13,146.2,56.2,5.9,21.3,38,2.53,48.39
NEON.PLA.D02.SCBI.02267,D02,JUNI,14.4,Juglans nigra L.,397,SCBI,38.894261,-78.137200000000007,85.3,14.49,16.79,0.18,1.35,0.62,10.24,3.17,3.32,0.32,0.13,134.6,43.2,5.5,22.3,22.8,2.61,48.09
NEON.PLA.D02.SCBI.02369,D02,JUNI,13.6,Juglans nigra L.,415.9,SCBI,38.893934,-78.135517,54.2,10.93,21.44,0.26,1.3,2.17,14.8,4.91,4.01,0.36,0.12,1381.8,40,7.6,60.7,27.7,2.91,46.4
NEON.PLA.D02.SCBI.02392,D02,LITU,14.2,Liriodendron tulipifera L.,415.9,SCBI,38.893934,-78.135517,58,18.98,21.44,0.23,1.62,0.8,9.79,3.14,2.5,0.63,0.14,102.5,53.9,11.8,19.6,21.2,2.12,46.73
NEON.PLA.D02.SCBI.02549,D02,JUNI,24.3,Juglans nigra L.,365.1,SCBI,38.894615,-78.13964,84.5,17.86,16.27,0.14,0.89,1.47,12.56,3.64,3.47,0.39,0.11,499,62.5,8.4,40,28.3,2.4,48.63
NEON.PLA.D02.SCBI.02574,D02,LITU,24.7,Liriodendron tulipifera L.,365.1,SCBI,38.894615,-78.13964,83.6,19.48,18.72,0.125,1.09,0.9,11.97,3.76,2.59,0.6,0.13,1514.75,41.3,8.850000000000001,21.65,28.25,2.28,47.82
NEON.PLA.D02.SCBI.03296,D02,FRAM2,9.7,Fraxinus americana L.,359,SCBI,38.890566,-78.139431,87.8,17.42,26.509999999999998,0.2,0.87,1.27,10.3,2.91,2.65,0.21,0.15,835.6,62.7,5.6,33.2,26.7,2.22,47.56
NEON.PLA.D02.SCBI.03301,D02,JUNI,9.2,Juglans nigra L.,359,SCBI,38.890566,-78.139431,85.2,13.15,15.6,0.17,1.48,1.65,9.58,3.37,3.23,0.28,0.11,31.1,55.5,10.4,32.6,15,2.46,47.57
NEON.PLA.D02.SCBI.10954,D02,VITIS,7.4,Vitis sp.,415.9,SCBI,38.893934,-78.135517,41,9.96,17.44,0.23,1.82,1.37,17,6.44,3.66,0.27,0.16,114.8,54.6,6.4,58.7,23.4,2.89,44.79
NEON.PLA.D02.SCBI.13001,D02,QUVE,27.3,Quercus velutina Lam.,312.6,SCBI,38.896935,-78.146456,107.6,24.84,19.7,0.1,0.66,0.95,9.94,2.83,2.22,0.24,0.11,138.8,45.3,8.6,30.1,29.2,2.09,46.91
NEON.PLA.D02.SCBI.13002,D02,FRAM2,24,Fraxinus americana L.,312.6,SCBI,38.896935,-78.146456,99.2,16.52,22.98,0.17,0.99,1.31,8.86,2.68,2.06,0.28,0.17,312.5,75,8.1,41.8,29.5,1.92,48.87
NEON.PLA.D02.SCBI.13004,D02,QUAL,7,Quercus alba L.,269.8,SCBI,38.900539,-78.161859,86.7,18.81,20.38,0.15,0.58,0.52,11.63,3.58,2.55,0.34,0.12,241.5,38.7,3.6,75.2,12.4,2.55,49
NEON.PLA.D02.SCBI.13006,D02,VITIS,5.9,Vitis sp.,493.3,SCBI,38.88477,-78.12516,39.4,21.04,21.67,0.18,1.11,2.18,7.93,3.4,0.79,0.27,0.14,150.4,119.3,6.8,36.8,31.7,2.545,44.010000000000005
NEON.PLA.D02.SCBI.13008,D02,VITIS,1.8,Vitis sp.,359,SCBI,38.890566,-78.139431,85.7,16.69,14.5,0.2,1.46,0.67,7.24,2.26,2.04,0.37,0.14,123.4,51.1,10.9,20.6,20.6,2.045,46.68
NEON.PLA.D02.SCBI.13010Z,D02,QUMO4,25.7,Quercus montana Willd.,314.3,SCBI,38.874379,-78.163985,54.2,26.14,21.48,0.17,0.36,0.91,14.42,3.91,3.56,0.1,0.12,393.8,56.4,7.9,32.6,18.1,2.26,50.99
NEON.PLA.D02.SCBI.13011,D02,QUMO4,23.9,Quercus montana Willd.,336.7,SCBI,38.887763,-78.147164,81.7,23.33,20.29,0.13,0.37,0.94,11.76,3.41,2.56,0.13,0.15,266.7,65.4,10.8,30.5,18.2,2.66,50.44
NEON.PLA.D02.SCBI.13012,D02,QURU,29,Quercus rubra L.,336.7,SCBI,38.887763,-78.147164,93.2,29.01,19.25,0.16,0.92,0.91,11.51,4.12,2.54,0.31,0.13,471.9,45.7,7.2,43.3,12.7,2.2,49.18
NEON.PLA.D02.SCBI.13013,D02,LITU,16.9,Liriodendron tulipifera L.,366.4,SCBI,38.879732,-78.139901,41.2,12.28,30.16,0.135,1.25,2.245,11.33,4.06,2.47,0.845,0.12,224.3,81.05,11.55,20.6,23.450000000000003,2.17,45.41
NEON.PLA.D02.SCBI.13014,D02,LITU,17.9,Liriodendron tulipifera L.,366.4,SCBI,38.879732,-78.139901,57.1,21.16,24.75,0.14,1.55,1.56,11.93,3.89,2.77,0.64,0.13,199.5,87.7,8.7,20.9,27.4,2.14,45.6
NEON.PLA.D02.SCBI.13015,D02,SASSA,13.9,Sassafras sp.,397,SCBI,38.894261,-78.137200000000007,58,28.68,16.74,0.13,0.62,0.56,13.29,4.14,3.22,0.25,0.16,365.6,72.4,6.4,15,25.6,2.55,50.58
NEON.PLA.D02.SCBI.13017,D02,CATO6,6.3,Carya tomentosa (Lam.) Nutt.,412.1,SCBI,38.884907,-78.13032,42,12.71,25.29,0.18,1.17,1.21,21.33,6.91,4.97,0.35,0.15,99.8,53.7,5,40.8,22.2,2.78,46.43
NEON.PLA.D02.SCBI.13018,D02,QURU,14.9,Quercus rubra L.,567.7,SCBI,38.883305,-78.120382,89.4,26.64,18.93,0.12,0.67,1.04,13.76,4.59,3,0.18,0.11,1320,50.7,8.7,48,69.7,2.14,50.27
NEON.PLA.D02.SCBI.13019,D02,SASSA,6.1,Sassafras sp.,567.7,SCBI,38.883305,-78.120382,38.5,24.87,21.12,0.15,0.77,1.15,19.61,6.74,4.41,0.24,0.2,1002.9,61.2,6.2,27.7,29.4,2.89,49.62
NEON.PLA.D02.SERC.08010,D02,ACRU,23.6,Acer rubrum L.,19.1,SERC,38.880974,-76.55872,69.8,9.82,12.03,0.133,0.591,0.671,3.19,2.02,0.52,0.198,0.112,129.8,53.4,6.9,45.4,20.2,1.1,45.3
NEON.PLA.D02.SERC.08020,D02,CATO6,25.1,Carya tomentosa (Lam.) Nutt.,19.1,SERC,38.880974,-76.55872,62.7,9.91,18.2,0.121,0.849,1.052,3.37,1.55,0.61,0.496,0.131,552.6,66.9,7.7,77.7,57.4,2.8,51.2
NEON.PLA.D02.SERC.09556,D02,LIST2,13.3,Liquidambar styraciflua L.,10.7,SERC,38.890806,-76.553978,90.1,10.05,12.31,0.204,0.85,0.895,3.72,2.72,0.37,0.266,0.157,1473.5,76.5,5.5,35.8,39.4,1.5,47.7
NEON.PLA.D02.SERC.09571,D02,ACRU,13.3,Acer rubrum L.,10.7,SERC,38.890806,-76.553978,62.8,8.81,13.01,0.285,0.727,0.601,4.22,2.26,0.81,0.169,0.144,810.2,62.1,7.1,37,22.6,1.4,46.5
NEON.PLA.D02.SERC.09660,D02,LITU,28.6,Liriodendron tulipifera L.,5.7,SERC,38.885634,-76.5602,63.9,8.63,14.38,0.219,1.775,1.825,5.01,2.29,0.97,0.509,0.206,497.6,67.1,6.7,44.4,18.8,2,44
NEON.PLA.D02.SERC.09827,D02,QUAL,17.6,Quercus alba L.,3.5,SERC,38.886501,-76.561507,72.2,10.31,15.97,0.129,0.744,0.728,3.62,2.3,0.47,0.159,0.126,299.8,66.7,7.5,57.3,15.5,1.7,48.3
NEON.PLA.D02.SERC.09839,D02,LIST2,25.6,Liquidambar styraciflua L.,3.5,SERC,38.886501,-76.561507,55.7,14.76,17.46,0.168,1.043,1.394,3.83,2.08,0.58,0.326,0.132,1178.2,59.3,4.4,47.4,58.4,1.3,47.2
NEON.PLA.D02.SERC.09843,D02,FAGR,12.4,Fagus grandifolia Ehrh.,3.5,SERC,38.886501,-76.561507,39,16.69,24.52,0.102,0.925,0.487,4.61,2.02,0.75,0.127,0.154,415.1,83.1,5.1,50.1,19.2,1.8,47.6
NEON.PLA.D02.SERC.11262,D02,LIST2,2.6,Liquidambar styraciflua L.,11.4,SERC,38.895032,-76.558913,62.6,11.65,15.18,0.161,0.56,1.243,3.73,2.92,0.16,0.38,0.142,548.7,51.8,5.9,25.7,44,1.3,47.3
NEON.PLA.D02.SERC.11271,D02,LITU,25.6,Liriodendron tulipifera L.,11.4,SERC,38.895032,-76.558913,82.4,15.58,15.16,0.167,1.174,1.27,4.84,4.53,0.32,0.325,0.156,88.9,58.1,6.3,35.1,19.3,1.4,49.8
NEON.PLA.D02.SERC.11273,D02,QUAL,23.4,Quercus alba L.,11.4,SERC,38.895032,-76.558913,81.3,11.12,15.24,0.138,0.654,0.923,4.22,2.08,0.62,0.133,0.117,134.7,65.5,5.8,52.4,14.6,1.9,47.9
NEON.PLA.D02.SERC.11313,D02,FAGR,9.1,Fagus grandifolia Ehrh.,10.8,SERC,38.899874,-76.543769,59.8,14.62,18.74,0.149,0.989,0.8,2.63,1.2,0.78,0.159,0.153,531.3,81.6,4.3,70.7,23.8,1.8,48.4
NEON.PLA.D02.SERC.11405,D02,LITU,26.3,Liriodendron tulipifera L.,3.5,SERC,38.881089,-76.547316,69.7,13.3,15.11,0.152,0.702,3.313,7.38,4.21,1.2,0.452,0.162,109.7,60.5,6.4,50.7,13.8,2.1,45.3
NEON.PLA.D02.SERC.11409,D02,LIST2,27.2,Liquidambar styraciflua L.,3.5,SERC,38.881089,-76.547316,94.2,10.84,11.05,0.145,0.756,0.621,4.52,2.27,0.66,0.24,0.126,105.7,42.9,8.7,38.8,23,1.2,46.3
NEON.PLA.D02.SERC.11491,D02,CATO6,19.2,Carya tomentosa (Lam.) Nutt.,22.5,SERC,38.897569,-76.561177,107.5,10.26,17.43,0.111,0.734,1.629,4.84,2.03,0.52,0.361,0.157,581.3,100.3,8,51.3,28.1,1.7,46.4
NEON.PLA.D02.SERC.11495,D02,LITU,26.2,Liriodendron tulipifera L.,22.5,SERC,38.897569,-76.561177,69.7,15.13,15.56,0.152,1.646,2.139,4.41,1.86,1,0.63,0.16,147.9,91.9,7.5,36.8,14.6,1.9,47.1
NEON.PLA.D02.SERC.11496,D02,FAGR,5.5,Fagus grandifolia Ehrh.,22.5,SERC,38.897569,-76.561177,34.8,20.97,25.04,0.131,0.773,0.831,3.68,1.7,0.74,0.25,0.168,362.5,111.2,7.3,55,25.1,2.4,48.7
NEON.PLA.D02.SERC.12785,D02,LIST2,28.3,Liquidambar styraciflua L.,7.6,SERC,38.86869,-76.533595,68,13.78,16.07,0.129,0.902,0.919,4.46,3.71,0.18,0.208,0.118,256.5,66.4,5,34.1,33.5,1.6,46.7
NEON.PLA.D02.SERC.12792,D02,LITU,23.8,Liriodendron tulipifera L.,7.6,SERC,38.86869,-76.533595,63.3,12.41,12.2,0.145,1.054,1.028,4.85,2.46,0.79,0.272,0.156,134,55.4,5.6,42.1,12.5,2,50.1
NEON.PLA.D02.SERC.12864,D02,FAGR,15.8,Fagus grandifolia Ehrh.,14.8,SERC,38.893251,-76.547607,66.8,16.18,21.38,0.111,0.844,0.472,4.93,0.77,1.68,0.124,0.141,81.5,69,4.5,54.1,27.2,1.7,44.8
NEON.PLA.D02.SERC.12871,D02,LITU,20,Liriodendron tulipifera L.,14.8,SERC,38.893251,-76.547607,47.5,15.79,18.07,0.3,1.586,1.706,5.4,3.27,0.83,0.368,0.236,257.2,85.5,9,46.4,23.5,2.4,49.4
NEON.PLA.D02.SERC.13192,D02,ACRU,15.5,Acer rubrum L.,7.6,SERC,38.86869,-76.533595,68.6,8.66,11.61,0.116,0.436,0.881,6.51,3.51,0.89,0.19,0.126,412.7,71.8,6.1,45,33.5,1.85,47.6
NEON.PLA.D02.SERC.13193,D02,LITU,26.1,Liriodendron tulipifera L.,10.7,SERC,38.890806,-76.553978,55.1,10.88,13.55,0.305,1.084,1.723,6.94,2.6,1.56,0.364,0.177,208.1,72.6,7.4,53.1,17.7,2.7,48.9
NEON.PLA.D02.SERC.13195,D02,LIST2,4.1,Liquidambar styraciflua L.,10.8,SERC,38.899874,-76.543769,68.2,8.83,12.82,0.229,0.631,0.966,2.23,2.93,0.13,0.318,0.123,363.2,58.3,3.9,31.4,45.4,1.3,43.5
NEON.PLA.D02.SERC.13196,D02,LITU,15.4,Liriodendron tulipifera L.,10.8,SERC,38.899874,-76.543769,61.9,12.22,15.38,0.214,1.132,2.624,3.57,2.315,0.515,0.336,0.22,229.2,57.3,6.1,76.8,19.7,2.1,46.6
NEON.PLA.D02.SERC.13197,D02,QUAL,3.2,Quercus alba L.,14.8,SERC,38.893251,-76.547607,80.4,12.64,15.55,0.146,0.982,0.501,3.34,0.91,0.79,0.168,0.141,82.9,61.2,5.6,55.2,20.9,1.9,49.2
NEON.PLA.D02.SERC.13198,D02,FAGR,14.5,Fagus grandifolia Ehrh.,14.8,SERC,38.893251,-76.547607,65.2,14.16,23.94,0.122,0.809,0.547,3.38,1.41,0.96,0.14,0.177,143.2,98.1,5.4,45.7,16.5,2,46.7
NEON.PLA.D02.SERC.13199,D02,QUAL,17.9,Quercus alba L.,5.7,SERC,38.885634,-76.5602,73.8,10.16,15.34,0.189,0.937,0.995,4.87,2.9,0.6,0.157,0.153,302.5,92.5,7.1,72.7,16.6,1.9,47.7
NEON.PLA.D02.SERC.13200,D02,CATO6,25.7,Carya tomentosa (Lam.) Nutt.,5.7,SERC,38.885634,-76.5602,66.4,15.05,18.71,0.145,1.071,1.501,4.26,0.99,1.02,0.396,0.134,787.2,65.9,7.3,67.9,48.5,1.7,45.1
NEON.PLA.D03.DSNY.00003,D03,PIPA2,11.2,Pinus palustris Mill.,20.7,DSNY,28.092969,-81.399332,216.1,21.25,30.81,0.21,1.5,0.388,4.6,1.3,1.52,0.444,0.053,51.9,41.6,3.5,11.9,57,0.82,50.39
NEON.PLA.D03.DSNY.00193,D03,PIPA2,11.6,Pinus palustris Mill.,20,DSNY,28.11859,-81.435161,311.2,17.89,29.71,0.187,1.109,0.422,4.22,1.14,1.38,0.494,0.051,62.9,26.3,3.7,19.1,61.6,0.72,50.14
NEON.PLA.D03.DSNY.00201Z,D03,PIEL,12.8,Pinus elliottii Engelm.,18.9,DSNY,28.074209,-81.425532,369.2,31.84,31.4,0.308,1.413,0.484,4.61,1.52,1.56,0.506,0.074,96,27.7,5.7,18.1,90.4,1.045,50.92
NEON.PLA.D03.DSNY.00233,D03,ILGL,0.7,Ilex glabra (L.) A. Gray,17.7,DSNY,28.048244,-81.416879,165.7,14.3,16.73,0.126,0.779,1.925,5.82,2.09,3.37,0.802,0.068,240.5,30.6,5.2,43.3,65,0.81,53.63
NEON.PLA.D03.DSNY.00245,D03,LYLU3,0.5,Lyonia lucida (Lam.) K. Koch,17.7,DSNY,28.048244,-81.416879,159.4,19.97,27.08,0.085,0.771,0.663,4.01,1.15,1.75,0.225,0.093,251,25.4,5.8,11.5,62.9,0.69,52.52
NEON.PLA.D03.DSNY.00552Z,D03,QUMI2,0.1,Quercus minima (Sarg.) Small,20.7,DSNY,28.0967,-81.418579,197.9,22.94,28.56,0.183,1.077,2.023,10.76,3.21,3.17,0.359,0.085,275.6,47.8,2.7,22.8,70.9,1.09,49.7
NEON.PLA.D03.DSNY.00629,D03,QUGE2,11.4,Quercus geminata Small,17.8,DSNY,28.053114,-81.417507,165.9,23,23.21,0.264,1.047,4.133,15.02,4.05,4.02,0.98,0.111,216.2,64.5,4.7,37.1,48.7,1.59,49.3
NEON.PLA.D03.DSNY.00803Z,D03,QUMI2,0.3,Quercus minima (Sarg.) Small,20,DSNY,28.11859,-81.435161,198.8,21.57,25.71,0.106,0.365,2.973,4.83,1.24,1.6,0.759,0.106,137.1,45.1,2.9,28.2,48.7,0.9,48.18
NEON.PLA.D03.DSNY.00896Z,D03,QUMI2,0.1,Quercus minima (Sarg.) Small,20.7,DSNY,28.092969,-81.399332,143.3,27.38,27.43,0.24,1.37,2.134,5.43,1.28,1.64,0.689,0.083,142.4,43.5,6.7,22,69.9,1.22,50.63
NEON.PLA.D03.DSNY.01120Z,D03,PIEL,9.3,Pinus elliottii Engelm.,19,DSNY,28.046662,-81.401888,320.3,20.35,24.34,0.231,0.666,1.288,5.85,1.91,1.2,0.495,0.057,89.4,35.5,2.9,12.5,64.4,0.79,51.19
NEON.PLA.D03.DSNY.01138,D03,QUMY,1,Quercus myrtifolia Willd.,19.5,DSNY,28.039641,-81.393323,149.5,26.29,23.85,0.204,1.201,2.971,12.08,3.18,3.21,0.411,0.079,543.4,34.4,4.4,32.7,86.1,1.3,51.28
NEON.PLA.D03.DSNY.02146,D03,QUCH,0.3,Quercus chapmanii Sarg.,20.7,DSNY,28.0967,-81.418579,151.3,32.44,26.7,0.17,0.965,1.686,11.02,3.28,3.31,0.411,0.086,166.3,35.8,5.6,22.4,65.6,1.27,51.02
NEON.PLA.D03.DSNY.02228,D03,QUGE2,1.1,Quercus geminata Small,19.5,DSNY,28.039641,-81.393323,284.6,29.06,31.06,0.239,1.255,1.594,13.44,3.41,3.99,0.562,0.08,159.4,33,4.7,20.3,58.1,1.18,50.84
NEON.PLA.D03.DSNY.02429,D03,ILGL,0.5,Ilex glabra (L.) A. Gray,18.8,DSNY,28.099732,-81.399974,103.8,17.94,22.52,0.189,0.714,1.078,3.1,0.7,1.55,0.481,0.085,108.7,23.7,4.1,23.7,38.8,1.16,52.76
NEON.PLA.D03.DSNY.02779,D03,ILGL,0.9,Ilex glabra (L.) A. Gray,17.8,DSNY,28.053114,-81.417507,157.6,13.745000000000001,15.345,0.148,0.712,2.52,7.07,2.29,3.49,0.856,0.065,255.7,31.7,4.2,39.1,49.6,0.9,53.48
NEON.PLA.D03.DSNY.03002Z,D03,MOCE2,3,Morella cerifera (L.) Small,19.8,DSNY,28.122132,-81.433949,121.1,38.54,21.39,0.172,0.863,1.868,4.9,1.19,1.73,0.548,0.125,73.8,72.3,5.1,31.6,49.5,1.83,52.1
NEON.PLA.D03.DSNY.03003Z,D03,ILGL,2.1,Ilex glabra (L.) A. Gray,19.8,DSNY,28.122132,-81.433949,129.4,13.49,14.24,0.123,0.387,0.915,3.02,0.77,1.53,0.525,0.071,68.6,35,3.9,24.6,71.2,0.87,52.89
NEON.PLA.D03.DSNY.03004Z,D03,GAFR2,0.3,Gaylussacia frondosa (L.) Torr. & A. Gray ex Torr.,18.8,DSNY,28.099732,-81.399974,73.6,28.58,30.35,0.1975,1.6505,3.0035,4.88,1.09,1.7,0.9604999999999999,0.0895,147.6,44.2,6,73.25,60.3,1.2,52.58
NEON.PLA.D03.DSNY.03006Z,D03,LYLU3,0.1,Lyonia lucida (Lam.) K. Koch,18.9,DSNY,28.074209,-81.425532,70.6,21.8,20.9,0.591,2.869,2.011,4.44,1.02,1.64,0.583,0.166,342.1,39.5,6.2,10.8,82.8,1.35,52.26
NEON.PLA.D03.DSNY.03008Z,D03,QUMI2,0.1,Quercus minima (Sarg.) Small,19,DSNY,28.046662,-81.401888,182.7,22.52,23.59,0.188,0.94,2.955,10.42,2.88,3.2,0.745,0.145,194.8,43,2.9,25.8,68.9,1.03,49.72
NEON.PLA.D04.GUAN.00065,D04,GUOF,5.1,Guaiacum officinale L.,115.9,GUAN,17.968869,-66.867682,131.6,12.63,11.99,0.089,1.812,1.388,11.9,3.23,3.36,0.143,0.083,17.7,29.6,16.5,118.3,27,1.99,50.19
NEON.PLA.D04.GUAN.00138,D04,PIAL3,5.5,Pisonia albida (Heimerl) Britton ex Standl.,115.9,GUAN,17.968869,-66.867682,81.2,31.38,18.37,0.203,2.44,1.012,17.94,5,5.43,0.429,0.112,6.2,31.2,2.1,37.1,24.8,3.81,50.75
NEON.PLA.D04.GUAN.01201,D04,PIAL3,2.8,Pisonia albida (Heimerl) Britton ex Standl.,124.8,GUAN,17.967743,-66.8643,85,20.55,19.8,0.10250000000000001,3.6715,2.208,12,3.16,4.12,1.0955,0.091,27.049999999999997,50.95,9.399999999999999,113.7,25.25,2.3,43.75
NEON.PLA.D04.GUAN.01211,D04,BUBU,5,Bucida buceras L.,124.8,GUAN,17.967743,-66.8643,116.8,10.03,27.04,0.097,0.897,3.491,9.08,1.93,2.48,0.193,0.049,36.7,43.5,11.4,104.7,22.2,1.72,44.83
NEON.PLA.D04.GUAN.01580,D04,AMEL,3.4,Amyris elemifera L.,89.1,GUAN,17.970294,-66.824633,154.6,9.6,18.15,0.095,2.133,2.54,11.5,2.85,3.88,0.178,0.064,16.8,47.6,9.3,46.2,17.8,1.92,47.47
NEON.PLA.D04.GUAN.01942,D04,BOURR,4.4,Bourreria sp.,89.1,GUAN,17.970294,-66.824633,127.5,8.5,23.75,0.061,2.053,3.439,13.2,3.68,3.88,0.436,0.072,16.2,64.2,10.3,73.4,16,1.62,45.21
NEON.PLA.D04.GUAN.01945,D04,BUBU,5.1,Bucida buceras L.,89.1,GUAN,17.970294,-66.824633,150.2,11.44,25.06,0.077,0.483,4.757,13.02,3.13,2.6,0.398,0.061,41.7,65.2,3.3,139.8,10.8,1.46,44.87
NEON.PLA.D04.GUAN.02069,D04,BUSI,6.9,Bursera simaruba (L.) Sarg.,182.9,GUAN,17.973133,-66.861701,83.4,23.06,18.67,0.153,1.19,0.793,13.46,3.74,3.37,0.328,0.07,16.9,59.4,5.4,22.4,33.9,2.12,50.63
NEON.PLA.D04.GUAN.02073,D04,PIAL3,5.7,Pisonia albida (Heimerl) Britton ex Standl.,182.9,GUAN,17.973133,-66.861701,81,23.65,13.38,0.213,1.575,1.199,9.26,2.41,3.61,0.851,0.115,15.3,31.2,15.1,24.8,24.6,3.39,50.84
NEON.PLA.D04.GUAN.02440,D04,BUSI,6,Bursera simaruba (L.) Sarg.,174.7,GUAN,17.972832,-66.857711,76.2,19.11,17.4,0.134,1.225,1.094,15.22,3.97,3.57,0.247,0.069,27.7,50.1,6.4,56.6,30,2.045,49.239999999999995
NEON.PLA.D04.GUAN.02699,D04,GUSA,7.2,Guaiacum sanctum L.,146.9,GUAN,17.970725,-66.86397,136.6,11,17.83,0.092,1.497,2.673,13.48,3.42,3.82,0.197,0.141,0.2,3.1,0.1,9.4,4.7,2.89,48.75
NEON.PLA.D04.GUAN.02782A,D04,PIAL3,4.5,Pisonia albida (Heimerl) Britton ex Standl.,174.7,GUAN,17.972832,-66.857711,98.1,16.79,17.75,0.116,2.72,2.68,14.78,4.05,4.42,0.664,0.083,23.5,55.3,6.7,82.5,21.9,2.75,46.35
NEON.PLA.D04.GUAN.02790,D04,BUBU,5.3,Bucida buceras L.,174.7,GUAN,17.972832,-66.857711,111.5,6.36,25.77,0.078,0.792,5.129,14.26,3.72,3.46,0.228,0.045,31.7,47.9,6.5,51.2,14.6,1.37,44.4
NEON.PLA.D04.GUAN.03365,D04,PIAL3,4.1,Pisonia albida (Heimerl) Britton ex Standl.,132.5,GUAN,17.96911,-66.864276,80.7,28.09,14.37,0.276,2.157,0.986,7.83,2.55,2.69,0.399,0.099,30.6,34,13.5,32.1,33.1,3.68,53.54
NEON.PLA.D04.GUAN.03369,D04,BUBU,4.7,Bucida buceras L.,132.5,GUAN,17.96911,-66.864276,121.3,8.53,29.54,0.075,0.887,3.427,12.34,3.53,3.36,0.23,0.052,31.2,48.2,4.5,83.8,27.3,1.66,43.5
NEON.PLA.D04.GUAN.04171,D04,BUSI,5.1,Bursera simaruba (L.) Sarg.,164.3,GUAN,17.968744,-66.880447,49.4,13.54,14.04,0.138,1.339,1.218,8.69,3.27,2.42,0.31,0.095,25.6,46.7,4.1,42,26.9,1.71,48.95
NEON.PLA.D04.GUAN.04181,D04,PIAL3,3,Pisonia albida (Heimerl) Britton ex Standl.,164.3,GUAN,17.968744,-66.880447,71,20.53,16.74,0.222,2.171,0.878,8.83,3.25,2.38,0.876,0.107,27.7,43.2,21.1,36.9,29.5,3.2,50.86
NEON.PLA.D04.GUAN.04185,D04,BUSI,2.6,Bursera simaruba (L.) Sarg.,164.3,GUAN,17.968744,-66.880447,46,14.85,15.11,0.245,2.2305,0.755,8.31,2.97,2.44,0.3885,0.0925,17.799999999999997,43.150000000000006,9.4,44.8,43.75,2.67,50.07
NEON.PLA.D04.GUAN.04232,D04,BUSI,3.2,Bursera simaruba (L.) Sarg.,101.3,GUAN,17.963818,-66.875668,13,16.96,17.6,0.225,1.418,0.681,8.24,3.23,2.83,0.228,0.09,24.5,42,8.6,24.4,38,2.12,51.07
NEON.PLA.D04.GUAN.04234,D04,GUOF,3.9,Guaiacum officinale L.,101.3,GUAN,17.963818,-66.875668,32.5,14.045,9.36,0.117,1.294,2.799,12.82,5.27,4.07,0.18,0.126,11,31.4,1.8,51.3,25.1,2.1,51.24
NEON.PLA.D04.GUAN.04332,D04,BUSI,5.2,Bursera simaruba (L.) Sarg.,133.5,GUAN,17.969254,-66.85267,46.2,16.17,15.53,0.179,1.638,0.753,8.66,2.55,2.71,0.213,0.08,20.5,25.5,5.8,26.1,22.2,2.225,50.16
NEON.PLA.D04.GUAN.04334,D04,BUBU,3.5,Bucida buceras L.,133.5,GUAN,17.969254,-66.85267,135.1,12.69,29.99,0.079,0.866,5.196,17.44,4.75,3.88,0.307,0.082,25.9,50.4,4.7,106.5,19,1.7,43.94
NEON.PLA.D04.GUAN.04347,D04,BUSI,3,Bursera simaruba (L.) Sarg.,65.8,GUAN,17.965762,-66.832036,74.4,23.61,19.25,0.147,1.078,1.128,12.76,3.78,3.42,0.374,0.068,32.3,40.2,4.7,32.7,29.3,1.61,48.91
NEON.PLA.D04.GUAN.04354,D04,PIAC,4,Pictetia aculeata (Vahl) Urb.,65.8,GUAN,17.965762,-66.832036,92.4,10.08,15.92,0.145,1.849,1.069,12.22,3.25,3.33,0.387,0.068,41.1,72.1,7.2,25.1,57.7,2.5,47.12
NEON.PLA.D04.GUAN.04561,D04,JAFL,2.9,Jasminum fluminense Vell.,116.5,GUAN,17.97943,-66.867833,87.3,12.05,11.46,0.15,2.506,1.83,16.1,6.7,5.24,0.492,0.117,67.7,69.5,8.2,33,21.8,2.47,46.94
NEON.PLA.D04.GUAN.04562,D04,BOSU2,6.2,Bourreria succulenta Jacq.,152.1,GUAN,17.97277,-66.851235,134.9,7.39,23.95,0.066,2.761,4.235,10.14,2.63,2.79,0.636,0.075,12.1,25.1,6.9,128.3,20,1.69,41.76
NEON.PLA.D04.GUAN.05287,D04,BOSU2,3.7,Bourreria succulenta Jacq.,177.6,GUAN,17.972441,-66.871318,145.9,8.84,24.81,0.064,2.311,2.224,14.32,3.85,4.19,0.401,0.056,17.2,28.2,15.8,101.2,26.1,1.48,46.22
NEON.PLA.D04.GUAN.05593,D04,BUSI,4.2,Bursera simaruba (L.) Sarg.,132.5,GUAN,17.96911,-66.864276,39,15,15.9,0.253,1.983,0.559,6.06,1.99,2.29,0.285,0.093,38.2,48,18.4,32.5,43.8,2.44,48.91
NEON.PLA.D04.GUAN.08289,D04,BUSI,5.7,Bursera simaruba (L.) Sarg.,124.8,GUAN,17.967743,-66.8643,42.3,16.03,15.82,0.12,1.013,0.53,15.32,3.53,4.15,0.211,0.079,35.5,59.9,13.2,72.5,39.6,1.865,49.93
NEON.PLA.D04.GUAN.08786Z,D04,COKR,3.7,Coccoloba krugii Lindau,177.6,GUAN,17.972441,-66.871318,158.2,28.44,35.87,0.063,0.364,1.655,7.39,1.8,2.22,0.374,0.068,6.2,29.8,2,32.6,25.1,1.24,47.65
NEON.PLA.D04.GUAN.08788Z,D04,PIAC,7,Pictetia aculeata (Vahl) Urb.,133.5,GUAN,17.969254,-66.85267,108.7,13.27,19.81,0.107,1.576,1.39,17.68,4.73,3.9,0.207,0.073,35.6,61.1,9,30.7,38,2.74,47.96
NEON.PLA.D04.GUAN.08856Z,D04,CODI8,4,Coccoloba diversifolia Jacq.,65.8,GUAN,17.965762,-66.832036,129.1,19.46,20.91,0.228,1.027,3.14,10.96,2.67,2.99,0.627,0.096,34.4,43.4,5.1,38.6,29.5,1.47,46.51
NEON.PLA.D04.GUAN.08869Z,D04,EURH,6.2,Eugenia rhombea (Berg) Krug & Urb.,152.1,GUAN,17.97277,-66.851235,148.1,11.77,28.77,0.067,0.977,2.523,7.47,2.62,2.59,0.337,0.044,15.9,32,2.9,113.1,16.2,1.31,45.05
NEON.PLA.D04.GUAN.08870Z,D04,AMEL,2.4,Amyris elemifera L.,177.6,GUAN,17.972441,-66.871318,171,10.53,20.29,0.0615,1.0525,2.6254999999999997,7.74,2.31,2.65,0.14250000000000002,0.075,41.349999999999994,44.55,17,103.8,30.45,2.03,46.5
NEON.PLA.D04.GUAN.08877Z,D04,AMEL,5.6,Amyris elemifera L.,182.9,GUAN,17.973133,-66.861701,90.5,10.02,20.78,0.124,1.626,1.854,12.14,3.32,3.42,0.208,0.068,12.6,26.6,7.1,38.9,18.6,2.3,48.65
NEON.PLA.D05.STEI.00225,D05,QURU,8.4,Quercus rubra L.,500,STEI,45.826444,-90.086211,72.9,19.58,15,0.158,1.107,0.596,10.8,3.46,2.64,0.153,0.114,782.6,64.7,10.5,45.7,38,2.56,49.81
NEON.PLA.D05.STEI.01538,D05,TIAM,12.9,Tilia americana L.,505.9,STEI,45.812246,-90.092743,74.4,16.26,16.35,0.248,1.676,2.353,9.6,3.01,2.5,0.374,0.112,172.5,62.2,9,52.8,30.9,2.66,45.64
NEON.PLA.D05.STEI.01778,D05,ACRU,7.5,Acer rubrum L.,473.4,STEI,45.506171,-89.588579,71.6,15.03,15.22,0.272,0.841,0.476,5.91,1.85,1.43,0.21,0.09,1248.7,138,7.8,24.2,34.1,1.49,48.52
NEON.PLA.D05.STEI.01791,D05,OSVI,6.7,Ostrya virginiana (Mill.) K. Koch,505.9,STEI,45.812246,-90.092743,38,19.75,20.33,0.163,0.832,1.527,12.71,4.49,3.09,0.347,0.151,570.5,75.8,7.5,35.6,20.2,2.25,47.29
NEON.PLA.D05.STEI.02103,D05,OSVI,10.2,Ostrya virginiana (Mill.) K. Koch,522.3,STEI,45.797373,-90.092311,31.5,23.74,24.18,0.187,0.706,1.63,13.51,4.74,3.08,0.345,0.098,1350.6,82.5,8.8,29,25.5,2.48,47.34
NEON.PLA.D05.STEI.02111,D05,ACSA3,17.3,Acer saccharum Marshall,522.3,STEI,45.797373,-90.092311,62.6,14.37,16.95,0.003,0.753,0.896,11.41,3.53,3.02,0.16,0.101,798.9,61.1,5.8,1.1,42.1,1.79,48.45
NEON.PLA.D05.STEI.02147,D05,ACSA3,17.4,Acer saccharum Marshall,505.9,STEI,45.812246,-90.092743,92.4,14.63,13.58,0.17,0.594,1.149,6.1,1.67,2.21,0.233,0.063,361,52.7,4.2,31.4,30.8,1.61,48.35
NEON.PLA.D05.STEI.02177,D05,ACSA3,15,Acer saccharum Marshall,522.3,STEI,45.797373,-90.092311,66.7,14.78,13.42,0.161,0.677,1.084,10.5,3.02,2.81,0.199,0.099,940.7,79.2,8.6,41.1,33.7,1.79,48.03
NEON.PLA.D05.STEI.03102,D05,TIAM,13.7,Tilia americana L.,506,STEI,45.82204,-90.089055,67.9,16.59,16.57,0.316,1.027,1.517,9.36,3.32,1.96,0.432,0.063,215.3,58.6,16.1,59.2,34.2,2.55,48.18
NEON.PLA.D05.STEI.03112,D05,OSVI,4.7,Ostrya virginiana (Mill.) K. Koch,506,STEI,45.82204,-90.089055,40.3,27.02,19.62,0.177,0.642,1.522,7.44,2.38,1.84,0.275,0.101,1148,85.3,11.2,35.7,35.2,1.93,47.78
NEON.PLA.D05.STEI.03444,D05,ACSA3,14,Acer saccharum Marshall,503.3,STEI,45.824937,-90.072611,70.2,15.52,13.17,0.219,0.488,0.877,6.28,1.88,2.03,0.183,0.106,1219.4,56.5,6.3,41.1,34.7,1.51,49.67
NEON.PLA.D05.STEI.03466A,D05,ACRU,12.5,Acer rubrum L.,503.3,STEI,45.824937,-90.072611,57.6,13.3,13.34,0.235,0.705,0.605,12.65,3.74,3.27,0.258,0.079,1057,57.7,13.5,33.1,41.8,1.74,49.13
NEON.PLA.D05.STEI.03662,D05,ALNUS,3.5,Alnus sp.,480.5,STEI,45.834307,-90.085088,58.7,19.3,9.8,0.149,0.54,0.668,10.27,3.07,2.89,0.247,0.142,533,122.4,13.3,26.3,77.3,2.9,50.84
NEON.PLA.D05.STEI.03693,D05,ALNUS,3.7,Alnus sp.,480.5,STEI,45.834307,-90.085088,91.5,18.24,9.95,0.14,0.579,0.475,8.51,2.32,2.49,0.185,0.116,234.3,66.7,12.9,37.4,47.1,2.61,50.835
NEON.PLA.D05.STEI.03705,D05,FRPE,12.3,Fraxinus pennsylvanica Marshall,504.7,STEI,45.817469,-90.078389,46.9,23.52,22.55,0.156,0.8374999999999999,0.73,14.96,5.11,3.11,0.2345,0.106,98.25,103.5,20.4,39.849999999999994,20.85,2.18,49.49
NEON.PLA.D05.STEI.03730,D05,ALNUS,3.5,Alnus sp.,480.5,STEI,45.834307,-90.085088,74.4,19.29,12.23,0.164,0.948,0.486,12.35,3.71,3.22,0.276,0.098,302.8,114.2,14.9,22.8,46.9,2.79,50.25
NEON.PLA.D05.STEI.05149,D05,QURU,22.2,Quercus rubra L.,517.4,STEI,45.793823,-90.05393,116,24.99,17.48,0.182,0.997,0.529,10.62,3.03,2.1,0.117,0.1,1323.2,65,7.2,46.7,39.4,2.71,50.07
NEON.PLA.D05.STEI.05150,D05,ACSA3,17.1,Acer saccharum Marshall,517.4,STEI,45.793823,-90.05393,96.8,13.41,15.97,0.167,0.659,0.544,10.89,3.26,2.96,0.137,0.126,573.1,52.9,8.3,41.6,31.5,1.91,49.48
NEON.PLA.D05.STEI.05374,D05,PINUS,13.5,Pinus sp.,499.7,STEI,45.802507,-90.06211,239,22.06,21.284999999999997,0.103,0.596,0.212,4.89,1.68,1.15,0.108,0.093,883.1,56,6.9,17.5,47.7,1.11,52.26
NEON.PLA.D05.STEI.05382,D05,QUMA2,12.5,Quercus macrocarpa Michx.,499.7,STEI,45.802507,-90.06211,95.5,19.82,18.34,0.277,1.22,0.588,15.28,4.02,3.55,0.16,0.07,1055.5,67.4,10.8,13.6,19.5,2.68,49.8
NEON.PLA.D05.STEI.05383,D05,ABBA,11.9,Abies balsamea (L.) Mill.,499.7,STEI,45.802507,-90.06211,149.1,22.24,14.05,0.162,0.58,0.821,4,1.17,0.77,0.105,0.083,1880,78.3,8.7,22,93.8,1.56,52.43
NEON.PLA.D05.STEI.05483,D05,FRPE,13.8,Fraxinus pennsylvanica Marshall,510.2,STEI,45.797893,-90.064147,69.7,11.99,23.6,0.198,0.787,1.336,7.81,2.47,2.24,0.417,0.072,78.5,55.8,18.4,41.9,23,2.07,46.54
NEON.PLA.D05.STEI.05598,D05,QURU,7.1,Quercus rubra L.,474.5,STEI,45.508883,-89.588327,91.1,27.88,16.13,0.145,0.704,0.463,10.94,2.88,2.6,0.132,0.116,1216,82.5,5.6,46,64.7,2.24,50.54
NEON.PLA.D06.KONZ.05401Z,D06,ULAM,2.2,Ulmus americana L.,351,KONZ,39.110903,-96.55221,55.8,14.7,18.15,0.12,0.853,1.887,8.35,2.52,2.48,0.173,0.095,26.5,64.3,6.4,34.1,10.9,1.8,46.46
NEON.PLA.D06.KONZ.05402Z,D06,QUMU,2.6,Quercus muehlenbergii Engelm.,339.1,KONZ,39.103999,-96.596164,96.2,18.64,17.06,0.185,1.276,0.659,3.16,0.61,0.84,0.264,0.12,55.3,83.2,10.1,38.6,22.3,2.505,48.83
NEON.PLA.D06.KONZ.05403Z,D06,ULAM,7.2,Ulmus americana L.,339.1,KONZ,39.103999,-96.596164,63.6,9.73,17.21,0.302,1.672,0.625,3.08,0.72,0.76,0.267,0.106,55.2,64.5,4.5,45,20.5,2.32,44.54
NEON.PLA.D06.KONZ.05404Z,D06,QUMU,2.8,Quercus muehlenbergii Engelm.,351,KONZ,39.110903,-96.55221,86.1,19.475,19.3,0.151,0.836,0.567,2.99,0.75,0.78,0.153,0.107,17.1,58.7,9.3,30.9,11.2,2.17,50.72
NEON.PLA.D06.KONZ.05405Z,D06,JUNI,-1.5,Juglans nigra L.,339.1,KONZ,39.103999,-96.596164,35.9,8.13,14.08,0.269,1.885,1.064,1.93,0.49,0.6,0.388,0.133,45.4,102.6,8.4,39.2,14.5,2.97,46.34
NEON.PLA.D06.KONZ.05406Z,D06,JUVI,2.8,Juniperus virginiana L.,351,KONZ,39.110903,-96.55221,408.3,12.97,13.79,0.127,0.812,1.2109999999999999,3.64,0.95,1.1,0.0885,0.07,58.3,149.60000000000002,3.65,21.35,16.3,0.715,48.86
NEON.PLA.D06.UKFS.00006,D06,QUMU,6.4,Quercus muehlenbergii Engelm.,302.5,UKFS,39.041659,-95.197031,80.8,19.51,17.1,0.259,1.324,1.777,5.02,1.15,1.32,0.455,0.132,303.7,82.5,9.1,66.5,24.9,2.18,51.74
NEON.PLA.D06.UKFS.00022,D06,CEOC,3.4,Celtis occidentalis L.,314.5,UKFS,39.046328,-95.208663,30,6.63,18.79,0.342,2.011,5.042,9.19,2.79,2.15,0.376,0.148,71.1,85.2,7.6,70.7,26,3.2,42.36
NEON.PLA.D06.UKFS.00079,D06,MAPO,3.2,Maclura pomifera (Raf.) C.K. Schneid.,314.5,UKFS,39.046328,-95.208663,39.5,12.61,16.19,0.318,2.418,4.67,8.82,2.65,1.95,0.51,0.128,25.2,78.1,5,23,15.4,2.99,42.95
NEON.PLA.D06.UKFS.00082,D06,MAPO,1.5,Maclura pomifera (Raf.) C.K. Schneid.,324.9,UKFS,39.052642,-95.188064,41.9,4.8,16.66,0.399,4.437,4.279,6.37,1.76,1.45,0.685,0.16,64.3,122.2,6.4,44.3,20.3,2.94,42.4
NEON.PLA.D06.UKFS.00083,D06,ULAM,1.3,Ulmus americana L.,324.9,UKFS,39.052642,-95.188064,48.5,9.99,19.21,0.284,2.558,2.163,8.85,2.7,1.93,0.488,0.125,73.8,132.4,7.4,42,28.1,2.215,44.655
NEON.PLA.D06.UKFS.00084,D06,MOAL,2.6,Morus alba L.,324.9,UKFS,39.052642,-95.188064,27.2,5.17,16.85,0.347,2.861,1.929,9.68,2.87,2.22,0.49,0.192,95.7,100.2,6.6,73.4,32.9,3.07,43.54
NEON.PLA.D06.UKFS.00085,D06,ULAM,3.2,Ulmus americana L.,314.5,UKFS,39.046328,-95.208663,39.2,11.42,21.97,0.397,2.718,2.262,9.1,3.01,1.88,0.5,0.145,38.7,100.8,8.3,37.7,24.6,2.65,45.34
NEON.PLA.D06.UKFS.00187,D06,CAOV2,11,Carya ovata (Mill.) K. Koch,302.5,UKFS,39.041659,-95.197031,92.5,17.5,21.48,0.182,1.386,4.41,7.06,1.7,1.82,0.487,0.134,958.9,42.8,7.2,89.5,70.2,2.1,46.98
NEON.PLA.D06.UKFS.00544,D06,ULAM,5,Ulmus americana L.,292.1,UKFS,39.035201,-95.19441,48.8,20.22,24.02,0.389,3.133,3.031,9.82,2.96,2.16,0.629,0.145,45.3,90.9,9.9,41.5,23.1,2.8,45.96
NEON.PLA.D06.UKFS.00552,D06,FRAXI,13.4,Fraxinus sp.,292.1,UKFS,39.035201,-95.19441,74.2,17.54,27.77,0.376,2.861,2.563,7.51,2.02,1.72,0.411,0.215,35.9,78.2,17.6,56.4,17,2.51,48.15
NEON.PLA.D06.UKFS.00828,D06,CEOC,16,Celtis occidentalis L.,288,UKFS,39.038044,-95.187901,47.1,16.21,17.77,0.409,3.069,4.313,9.41,2.6,2.27,0.53,0.144,83.4,73.3,8.7,51,17.4,2.68,46.18
NEON.PLA.D06.UKFS.00864,D06,JUNI,13.6,Juglans nigra L.,288,UKFS,39.038044,-95.187901,41.3,10.16,13.76,0.438,3.677,2.33,7.78,2.05,2.21,0.665,0.14,35.9,65.6,11.8,34,31,3.0250000000000004,48.495000000000005
NEON.PLA.D06.UKFS.00865,D06,QUMU,10.3,Quercus muehlenbergii Engelm.,288,UKFS,39.038044,-95.187901,61,17.99,20.87,0.353,2.3735,1.4325,8.59,2.53,2.03,0.40149999999999997,0.144,158.14999999999998,70.35,14.45,39.5,28,2.56,48.8
NEON.PLA.D06.UKFS.02202,D06,CEOC,16.9,Celtis occidentalis L.,283.3,UKFS,39.036611,-95.192039,56.2,11.2,16.71,0.318,2.251,5.083,7.38,2.14,1.73,0.448,0.139,62.4,80.5,6.7,65.6,16.5,2.85,45.48
NEON.PLA.D06.UKFS.02216,D06,JUNI,3,Juglans nigra L.,274.5,UKFS,39.037234,-95.205277,38.1,4.04,12.57,0.347,2.542,3.2,6.76,1.92,1.8,0.624,0.143,20.2,78.1,12.9,52.4,32.4,2.96,44.26
NEON.PLA.D06.UKFS.02398,D06,CAOV2,12.8,Carya ovata (Mill.) K. Koch,283.3,UKFS,39.036611,-95.192039,64.1,20.28,25.11,0.333,1.782,3.753,7.27,2.09,1.67,0.836,0.174,1028.4,81.5,10.2,88.6,44.5,2.69,46.77
NEON.PLA.D06.UKFS.02399,D06,QUVE,13,Quercus velutina Lam.,283.3,UKFS,39.036611,-95.192039,81,17.21,20.3,0.298,1.463,1.312,7.28,1.97,1.59,0.436,0.131,309.1,83,6.1,63.2,25.4,2.3,50.23
NEON.PLA.D06.UKFS.02982,D06,ULAM,2.5,Ulmus americana L.,274.5,UKFS,39.037234,-95.205277,38.9,15.5,23.27,0.515,2.162,1.85,8.9,2.9,1.96,0.428,0.134,24.5,119.2,6.9,51.6,23.6,2.53,45.86
NEON.PLA.D06.UKFS.03401,D06,ULAM,6,Ulmus americana L.,319,UKFS,39.054507,-95.204735,40.9,15.1,20.84,0.433,2.264,1.694,6.03,1.83,1.35,0.449,0.114,37.9,96.7,6.7,37.5,24.8,2.22,46.83
NEON.PLA.D06.UKFS.03402,D06,CAOV2,11.1,Carya ovata (Mill.) K. Koch,319,UKFS,39.054507,-95.204735,39.7,18.99,25.58,0.218,1.748,2.906,10.58,3.57,2.75,0.601,0.1535,1741.65,81.05000000000001,9.899999999999999,43.5,60.5,2.17,46.21
NEON.PLA.D06.UKFS.03403,D06,QURU,11.9,Quercus rubra L.,319,UKFS,39.054507,-95.204735,38.9,17.9,17.97,0.182,1.318,0.878,7.93,2.6,1.63,0.309,0.133,867.4,77.9,7.8,39.9,35.8,2.45,48.88
NEON.PLA.D06.UKFS.03405,D06,CAOV2,4,Carya ovata (Mill.) K. Koch,280.8,UKFS,39.033692,-95.18991,40.5,17.86,27.26,0.201,1.233,4.137,11.74,3.9,2.6,0.55,0.158,216.4,103.2,8.8,96.8,38.7,2.57,46.19
NEON.PLA.D06.UKFS.03406,D06,CECA4,2.6,Cercis canadensis L.,280.8,UKFS,39.033692,-95.18991,37.4,18.72,22.77,0.37,2.067,1.634,10.44,3.62,2.1,0.412,0.154,28.9,81.3,11.4,44.5,37.7,3.08,47.1
NEON.PLA.D06.UKFS.03591,D06,ULAM,10.2,Ulmus americana L.,310.7,UKFS,39.037624,-95.196958,56,8.66,16.77,0.336,1.466,2.4,7.87,2.46,1.5,0.426,0.136,89.1,94.2,7.7,70.4,25.6,2.59,44.75
NEON.PLA.D06.UKFS.03592,D06,CAOV2,14.3,Carya ovata (Mill.) K. Koch,310.7,UKFS,39.037624,-95.196958,57.7,11.76,18.62,0.187,1.251,3.303,8.28,2.48,2.32,0.322,0.147,367.7,69.1,5.7,70.3,49.5,2.32,45.94
NEON.PLA.D06.UKFS.03593,D06,JUNI,15.5,Juglans nigra L.,310.7,UKFS,39.037624,-95.196958,57.2,11.14,11.84,0.191,2.024,1.7,6.96,2.06,1.92,0.358,0.132,20.9,76.8,6.2,44.8,22.7,2.89,48.48
NEON.PLA.D06.UKFS.03594,D06,ULAM,4.7,Ulmus americana L.,315.6,UKFS,39.052686,-95.185981,63.6,13.64,18.75,0.28,2.031,2.127,5.47,1.52,1.3,0.501,0.078,19.1,73,5.1,57.1,20.4,1.46,46.04
NEON.PLA.D06.UKFS.03595,D06,JUNI,4.5,Juglans nigra L.,315.6,UKFS,39.052686,-95.185981,53.3,13.29,13.94,0.2575,3.0475000000000003,3.566,6.41,1.84,1.73,0.6985,0.11499999999999999,24.95,61.699999999999996,9.35,38.35,27.25,2.34,47.37
NEON.PLA.D06.UKFS.03596,D06,QUMU,6.2,Quercus muehlenbergii Engelm.,315.6,UKFS,39.052686,-95.185981,69,18.04,19.134999999999998,0.253,1.481,1.189,7.47,1.95,1.75,0.382,0.126,67.9,70.7,9.8,45.3,32.1,2.37,52.15
NEON.PLA.D06.UKFS.03597,D06,FRAXI,6,Fraxinus sp.,321.4,UKFS,39.043184,-95.202722,70.94999999999999,17.885,18.875,0.20900000000000002,1.3215,1.6045,7.25,2.04,1.81,0.39,0.1565,142.70000000000002,90.15,12.65,44.15,19.75,2.1799999999999997,49.41
NEON.PLA.D06.UKFS.03599,D06,MAPO,3.2,Maclura pomifera (Raf.) C.K. Schneid.,321.4,UKFS,39.043184,-95.202722,79.4,7.95,16.86,0.389,2.622,4.25,7.19,1.88,1.89,0.522,0.152,40.6,83.7,5.4,48.9,17.4,2.89,45.08
NEON.PLA.D06.UKFS.03600,D06,QUMU,5.5,Quercus muehlenbergii Engelm.,274.5,UKFS,39.037234,-95.205277,54.9,10.5,16.12,0.311,2.008,1.987,10.13,3.02,2.27,0.523,0.183,27.3,98.5,15.3,61,26.6,2.96,48.82
NEON.PLA.D06.UKFS.03601,D06,CECA4,5.6,Cercis canadensis L.,319.7,UKFS,39.033806,-95.198575,62.6,10.274999999999999,15.59,0.309,1.779,1.237,9.09,3,2.13,0.231,0.139,24.7,76.5,6.9,29.8,26.9,2.7,49.47
NEON.PLA.D06.UKFS.03603,D06,JUNI,4.2,Juglans nigra L.,319.7,UKFS,39.033806,-95.198575,54.9,8.21,14.44,0.232,2.519,2.153,9.1,2.86,2.64,0.595,0.138,94.4,97.5,12.1,60.9,31.2,2.82,47.71
NEON.PLA.D07.GRSM.00369,D07,QUMO4,7.7,Quercus montana Willd.,655,GRSM,35.686508,-83.506607,61.3,9.16,17.91,0.145,0.922,0.438,4.7,2.21,0.86,0.125,0.118,595.8,46.2,2.6,61.5,11.7,2,45.5
NEON.PLA.D07.GRSM.00731,D07,LITU,23.3,Liriodendron tulipifera L.,551.3,GRSM,35.691948,-83.505433,53.1,11.6,13.5,0.171,1.118,1.015,4.84,3.29,0.47,0.241,0.186,322.7,54.8,10.3,12.9,14.5,2.3,45.1
NEON.PLA.D07.GRSM.00745,D07,LITU,25.6,Liriodendron tulipifera L.,551.3,GRSM,35.691948,-83.505433,57.5,9.81,12.16,0.094,0.423,0.33,5.39,3.33,0.79,0.142,0.131,313.6,98.1,1.2,65.3,9.8,2.9,46.6
NEON.PLA.D07.GRSM.01620,D07,HALES,15,Halesia sp.,624.4,GRSM,35.685524,-83.502249,19.3,8.09,10.85,0.134,1.058,0.48,2.65,2.78,0.07,0.154,0.15,138.9,60.7,5.9,61.8,22.2,1.4,46.4
NEON.PLA.D07.GRSM.01901,D07,ACRU,8,Acer rubrum L.,639.1,GRSM,35.686007,-83.503986,43.7,7.56,14.08,0.124,0.732,0.369,6.06,4.39,0.54,0.119,0.132,378.5,55.1,4.4,51.6,23.2,1.6,46.4
NEON.PLA.D07.GRSM.01924,D07,LITU,27.6,Liriodendron tulipifera L.,624.4,GRSM,35.685524,-83.502249,45.9,8.17,17.59,0.159,1.38,1.762,4.24,2.69,0.63,0.369,0.186,280.5,50.5,9.4,32.6,17.3,2.4,43.6
NEON.PLA.D07.GRSM.02305,D07,ACRU,19.1,Acer rubrum L.,527.1,GRSM,35.678899,-83.645322,84.5,7.91,8.74,0.129,0.619,0.35,4.12,1.84,0.82,0.137,0.127,434.3,46.6,5.2,50.5,15,1.5,47.2
NEON.PLA.D07.GRSM.02579,D07,QUMO4,25,Quercus montana Willd.,842.1,GRSM,35.670878,-83.489979,69.9,11.04,17.2,0.123,0.877,0.484,5,4.59,0.04,0.196,0.162,798.4,62,7,71.4,16.8,2,45.8
NEON.PLA.D07.GRSM.02637,D07,ACRU,21,Acer rubrum L.,893.9,GRSM,35.676611,-83.474556,63.4,6.67,11.83,0.17,0.942,0.322,4.3,1.49,1.13,0.149,0.171,217.9,79.5,10.2,0.2,26.2,1.6,45.9
NEON.PLA.D07.GRSM.02661,D07,HALES,19.5,Halesia sp.,893.9,GRSM,35.676611,-83.474556,54.1,9.02,9.64,0.17,0.989,0.191,3.94,3.27,0.14,0.127,0.179,65.8,39.7,6.3,43.5,11.5,2.1,47.4
NEON.PLA.D07.GRSM.02760,D07,LITU,31.1,Liriodendron tulipifera L.,510.6,GRSM,35.669838,-83.526031,52.5,11.26,14.29,0.174,0.973,1.375,3.59,1.71,0.85,0.299,0.186,269.4,184.1,7.6,63.8,22.2,2.3,44.3
NEON.PLA.D07.GRSM.02771,D07,ABIES,5.5,Abies sp.,1791.1,GRSM,35.589784,-83.47552,158.2,8.19,9.92,0.117,0.368,0.119,2.93,1.82,0.25,0.049,0.099,106.9,38,0.4,38.5,14.2,1.2,46.6
NEON.PLA.D07.GRSM.02877,D07,PIRU,8.2,Picea rubens Sarg.,1791.1,GRSM,35.589784,-83.47552,352.7,11.61,12.87,0.077,0.376,0.055,1.83,1.26,0.06,0.047,0.074,83.9,94.9,1.4,38.5,9.8,0.9,44.9
NEON.PLA.D07.GRSM.02983,D07,ABIES,6,Abies sp.,1777.6,GRSM,35.593015,-83.474662,173.9,8.8,9.87,0.11,0.428,0.239,3.29,0.67,0.86,0.059,0.102,230.1,45.4,1.4,67.7,22.4,1.1,46.9
NEON.PLA.D07.GRSM.03282,D07,OXYDE,14.1,Oxydendrum sp.,695.8,GRSM,35.67043,-83.587373,41.1,6.38,12.97,0.187,0.784,0.51,1.46,0.67,0.34,0.13,0.148,620.2,48.8,3.7,64.8,15.4,1.9,43.9
NEON.PLA.D07.GRSM.03322,D07,QUMO4,18.2,Quercus montana Willd.,657.2,GRSM,35.68687,-83.513991,68.6,9.21,18.41,0.124,0.824,0.232,4.57,1.99,0.84,0.137,0.154,846.9,45.8,4.7,61.7,15.3,2.1,45.7
NEON.PLA.D07.GRSM.03339,D07,ACRU,14.7,Acer rubrum L.,657.2,GRSM,35.68687,-83.513991,79,7.83,9.73,0.116,0.589,0.489,4.47,2.86,0.61,0.177,0.126,1141.9,50.5,8,45.3,24.3,1.2,45.9
NEON.PLA.D07.MLBS.00078,D07,QUAL,11.8,Quercus alba L.,1179.4,MLBS,37.37556,-80.520162,107.5,13.99,16.71,0.437,2.577,1.449,4.71,1.15,1.21,0.475,0.118,888.2,57,11.4,32.7,15.8,2.36,49.81
NEON.PLA.D07.MLBS.00197,D07,QUAL,14.2,Quercus alba L.,1170,MLBS,37.376621,-80.5198,103.1,14.9,16.42,0.496,3.411,0.897,4.54,1.04,1.21,0.582,0.106,1097.3,59.9,11.8,31.6,13.8,2.33,47.59
NEON.PLA.D07.MLBS.01019,D07,QURU,17,Quercus rubra L.,1176.6,MLBS,37.377487,-80.527932,106.2,35.64,18.77,0.686,4.665,1.207,4.53,1.07,1.2,0.768,0.182,1174.1,45.5,7.6,36,18.5,2.26,51.67
NEON.PLA.D07.MLBS.01022,D07,QUAL,15.8,Quercus alba L.,1176.6,MLBS,37.377487,-80.527932,126.9,19.77,18.86,0.78,5.184,2.657,5.01,1.2,1.27,0.976,0.133,2206.7,49,12.4,35.2,17.5,2.78,51.65
NEON.PLA.D07.MLBS.01030,D07,AMLA,14.2,Amelanchier laevis Wiegand,1176.6,MLBS,37.377487,-80.527932,71,23.84,17.62,0.627,3.656,1.382,8.24,2.28,2.06,0.765,0.158,756.2,60.6,8.1,40.2,26.9,2.43,50.17
NEON.PLA.D07.MLBS.01546,D07,ACRU,10.3,Acer rubrum L.,1224.8,MLBS,37.368524,-80.526977,307.8,21.18,14.13,0.837,0.075,0.023,10.9,3.18,2.83,0.024,0.114,1853.2,56.2,4.3,19.1,25,2.06,51.67
NEON.PLA.D07.MLBS.01566,D07,QURU,18,Quercus rubra L.,1224.8,MLBS,37.368524,-80.526977,400.3,25.8,16.84,0.656,0.105,0.018,6.68,2.03,1.8,0.014,0.141,2797.5,43,10.6,41.8,23.1,2.39,48.75
NEON.PLA.D07.MLBS.01584,D07,QURU,18,Quercus rubra L.,1239.2,MLBS,37.365557,-80.526339,134.2,26.38,19,0.473,3.733,0.504,17.34,5.04,4.13,0.283,0.08,1514.6,64.9,9.5,34.4,31.9,2.24,49.94
NEON.PLA.D07.MLBS.01655,D07,QURU,8.7,Quercus rubra L.,1312.6,MLBS,37.360694,-80.524985,382.3,25.42,17.61,0.429,0.037,0.019,6.86,2.19,1.65,0.01,0.142,2211.6,40.8,8.2,24.5,19.9,2.69,51.51
NEON.PLA.D07.MLBS.01661,D07,ACRU,8.9,Acer rubrum L.,1312.6,MLBS,37.360694,-80.524985,246.9,19.02,12.17,0.821,0.119,0.069,9.92,3.03,2.51,0.023,0.118,1981.9,53.9,4.4,18.4,24.9,2.23,52.06
NEON.PLA.D07.MLBS.01886,D07,PINUS,16.7,Pinus sp.,779,MLBS,37.426796,-80.564062,313.1,18.91,21.81,0.452,4.5,1.148,4.3,1.12,1,0.456,0.067,453.4,84.1,8,10.7,26.5,1.23,52.82
NEON.PLA.D07.ORNL.00655,D07,QURU,25,Quercus rubra L.,322.5,ORNL,35.963923,-84.287231,107,24.29,18.76,0.11699999999999999,1.0035,0.436,6.54,1.65,1.66,0.18,0.087,2643.8,59.1,6.9,36.6,17.25,2.1,48.54
NEON.PLA.D07.ORNL.00789,D07,QUAL,25.3,Quercus alba L.,262,ORNL,35.965869,-84.23064,87.3,9.68,13.56,0.125,0.533,0.495,3.89,0.76,1.29,0.174,0.095,1305,58.6,6.6,18,11.2,1.76,47.98
NEON.PLA.D07.ORNL.00848,D07,ACRU,2,Acer rubrum L.,262,ORNL,35.965869,-84.23064,50.2,9.34,12.14,0.144,0.93,0.493,7.51,2.02,2.1,0.234,0.105,619.5,60.1,5.6,24.7,18.6,1.69,48.86
NEON.PLA.D07.ORNL.00919,D07,LIST2,22.4,Liquidambar styraciflua L.,306.9,ORNL,35.982205,-84.212754,71.2,19.79,14.78,0.139,1.082,0.45,5.71,1.43,1.52,0.282,0.144,2451.4,62.1,9.5,17.3,27.9,1.69,49.08
NEON.PLA.D07.ORNL.00930,D07,ACRU,16.7,Acer rubrum L.,306.9,ORNL,35.982205,-84.212754,56.7,10.05,11.87,0.109,0.73,0.299,6.8,1.61,1.95,0.131,0.105,1049.6,50.9,8.9,19.4,17.9,1.86,49.64
NEON.PLA.D07.ORNL.00951,D07,QUMO4,16.1,Quercus montana Willd.,306.9,ORNL,35.982205,-84.212754,113.1,17.225,17.9,0.1,1.03,0.336,6.48,1.37,1.68,0.18,0.104,1983.6,46.6,5.2,30.4,9.1,1.88,49.25
NEON.PLA.D07.ORNL.00971,D07,QUAL,18.1,Quercus alba L.,296.1,ORNL,35.907947,-84.275213,59.7,9.91,16.66,0.139,1.283,0.307,5.03,1.33,1.61,0.133,0.101,2327.9,59.5,7,21.2,12,1.94,47.86
NEON.PLA.D07.ORNL.00994,D07,QUAL,21,Quercus alba L.,296.1,ORNL,35.907947,-84.275213,67.8,9.83,15.32,0.125,0.881,0.361,4.47,1.16,1.3,0.171,0.094,2411,71.4,6.8,20.1,11.6,1.83,48.01
NEON.PLA.D07.ORNL.00997,D07,QUAL,19.4,Quercus alba L.,296.1,ORNL,35.907947,-84.275213,70.3,10.31,18.42,0.126,1.269,0.483,5.8,1.51,1.71,0.232,0.103,3383.9,64,6.8,21.1,11.1,1.58,46.77
NEON.PLA.D07.ORNL.01158,D07,QUAL,23.3,Quercus alba L.,322.5,ORNL,35.932762,-84.332542,79.5,11.9,16.95,0.111,0.718,0.432,5.16,1.37,1.46,0.144,0.082,2016.4,55.5,6.7,17.9,9.1,1.76,48.07
NEON.PLA.D07.ORNL.01181,D07,LITU,19.8,Liriodendron tulipifera L.,322.5,ORNL,35.932762,-84.332542,48.7,20.43,22.28,0.147,2.137,0.615,9.83,2.83,2.47,0.286,0.122,626.3,55.5,11.6,26.9,10.9,2.34,47.94
NEON.PLA.D07.ORNL.01198,D07,ACRU,17,Acer rubrum L.,322.5,ORNL,35.932762,-84.332542,73.9,12.76,14.64,0.119,0.734,0.39,7.32,2.18,2.1,0.158,0.093,1295.4,85.3,7.2,18.8,26.2,2.13,48.88
NEON.PLA.D07.ORNL.01527,D07,NYSY,4.8,Nyssa sylvatica Marshall,316.4,ORNL,35.974463,-84.22799,85.6,4.33,10.79,0.112,0.955,0.299,2.85,0.75,1,0.165,0.106,967.7,31.3,4.6,23.9,8.5,1.3,46.28
NEON.PLA.D07.ORNL.01544,D07,NYSY,16.5,Nyssa sylvatica Marshall,316.4,ORNL,35.974463,-84.22799,85.5,4.52,11.86,0.104,0.809,0.38,3.72,1.2,1.07,0.353,0.119,984.2,51.4,4.1,16.7,7.8,1.6,46.85
NEON.PLA.D07.ORNL.01558,D07,PINUS,15.3,Pinus sp.,244.6,ORNL,35.93025,-84.27011,204.2,16.52,17.71,0.0925,0.688,0.13,1.9,0.65,0.7,0.0895,0.062,1084.1,48.05,3.55,12.15,29.599999999999998,0.81,50.66
NEON.PLA.D07.ORNL.01563,D07,PINUS,23,Pinus sp.,244.6,ORNL,35.93025,-84.27011,242.6,16.79,17.85,0.124,0.965,0.578,3.63,0.94,0.97,0.275,0.128,1520.1,59.7,10.7,19.1,33.6,0.99,51.13
NEON.PLA.D07.ORNL.01581,D07,ACRU,4.6,Acer rubrum L.,244.6,ORNL,35.93025,-84.27011,69.6,11.06,11.01,0.091,0.566,0.279,7.8,2.43,2.38,0.142,0.094,1791.1,37.6,12,14,13,1.6,49.47
NEON.PLA.D07.ORNL.01860,D07,LIST2,15.6,Liquidambar styraciflua L.,283.6,ORNL,35.938232,-84.323686,58.8,23.24,20.89,0.115,0.949,0.593,6.23,1.68,1.52,0.263,0.126,1463.7,46.5,10.2,16.6,33.4,1.89,48.02
NEON.PLA.D07.ORNL.01875,D07,LITU,17.7,Liriodendron tulipifera L.,283.6,ORNL,35.938232,-84.323686,43.5,18.35,22.01,0.149,2.566,0.583,7,1.97,1.74,0.313,0.106,475.8,51.3,11.4,25.6,14.6,2.25,47.21
NEON.PLA.D07.ORNL.01907,D07,LIST2,21,Liquidambar styraciflua L.,283.6,ORNL,35.938232,-84.323686,62,16.77,18.49,0.113,1.371,0.51,7.5,2.03,1.92,0.259,0.102,1313.8,36.2,9.9,17.2,31.6,1.77,49.43
NEON.PLA.D07.ORNL.02477,D07,LITU,14.8,Liriodendron tulipifera L.,268.4,ORNL,35.92537,-84.329757,99.1,17.25,20.25,0.14,1.492,1.135,7.96,2.03,2.49,0.183,0.101,191.4,61,7.9,15.1,14.1,1.81,47.48
NEON.PLA.D07.ORNL.02487,D07,ACRU,22.9,Acer rubrum L.,268.4,ORNL,35.92537,-84.329757,88.7,13.14,12.98,0.128,0.9490000000000001,0.6285000000000001,6.75,1.93,2.12,0.1825,0.08549999999999999,720.1,57.55,5.25,21.950000000000003,27.85,1.7,48.28
NEON.PLA.D07.ORNL.02493,D07,JUVI,12.7,Juniperus virginiana L.,268.4,ORNL,35.92537,-84.329757,178.6,20.52,15.21,0.115,0.782,1.487,4.28,1.37,1.31,0.233,0.077,851,76.1,3,18.6,10.1,1.18,48.61
NEON.PLA.D07.ORNL.02562,D07,JUVI,10.3,Juniperus virginiana L.,245.6,ORNL,35.916311,-84.26328,222.7,19.23,15.54,0.116,0.904,0.919,4.95,1.32,1.44,0.244,0.085,464.6,75.2,3,19,9.3,1.13,50.52
NEON.PLA.D07.ORNL.02647,D07,JUVI,9.8,Juniperus virginiana L.,245.6,ORNL,35.916311,-84.26328,186.6,20.42,15.65,0.111,0.538,0.825,2.91,0.73,0.87,0.214,0.079,380,50,2.9,18.6,11.5,1.09,50.34
NEON.PLA.D07.ORNL.02648,D07,JUVI,13.2,Juniperus virginiana L.,245.6,ORNL,35.916311,-84.26328,206.3,18.88,15.96,0.105,0.716,1.095,4.21,1.2,1.31,0.289,0.103,716.9,73.3,3.1,17.6,11.9,1.2,49.55
NEON.PLA.D07.ORNL.04041,D07,LITU,10.9,Liriodendron tulipifera L.,316.8,ORNL,35.964793,-84.278889,61,18.36,20.37,0.146,1.669,0.908,3.58,1,1.06,0.345,0.121,415.1,80.3,12.5,24.8,15.1,2.58,47.51
NEON.PLA.D07.ORNL.04078,D07,NYSY,12.4,Nyssa sylvatica Marshall,316.8,ORNL,35.964793,-84.278889,83.9,7.61,13.19,0.113,1.015,0.428,4.66,1.48,1.21,0.403,0.098,963.9,83.4,4.4,27.4,8.8,1.8,46.74
NEON.PLA.D07.ORNL.04841,D07,NYSY,15.8,Nyssa sylvatica Marshall,338.8,ORNL,35.964422,-84.285887,62.5,7.87,15.84,0.099,1.163,0.44,4.59,1.67,1.23,0.345,0.111,1034.5,49.8,4.6,17.6,10.4,1.59,46.165
NEON.PLA.D07.ORNL.04848,D07,QURU,20.4,Quercus rubra L.,338.8,ORNL,35.964422,-84.285887,100.2,28.24,16.28,0.124,1.145,0.388,8.61,2.54,2.16,0.214,0.094,2500.7,63.7,5.1,41.3,21.7,1.96,49.06
NEON.PLA.D07.ORNL.04906,D07,ACRU,18.2,Acer rubrum L.,338.8,ORNL,35.964422,-84.285887,80.3,9.84,12.49,0.149,0.607,0.458,9.46,3.03,2.71,0.184,0.088,1383.2,46.4,6.3,14.7,13.9,1.68,48.22
NEON.PLA.D07.ORNL.08004Z,D07,QUAL,22.3,Quercus alba L.,262,ORNL,35.965869,-84.23064,78,9.61,14.1,0.121,0.006,0.034,5.23,1.22,1.54,0.002,0.098,927.1,55.5,6.8,16.3,12.2,1.88,47.35
NEON.PLA.D07.ORNL.08005Z,D07,QUMO4,22,Quercus montana Willd.,322.5,ORNL,35.963923,-84.287231,111.4,15.055,15.945,0.105,0.852,0.424,5.99,1.34,1.74,0.182,0.076,2100,42.5,5.5,23.4,7.8,1.89,48.57
NEON.PLA.D07.ORNL.08006Z,D07,QUMO4,20.4,Quercus montana Willd.,322.5,ORNL,35.963923,-84.287231,96.5,22.05,18.25,0.098,0.974,0.414,8.4,2.07,2.05,0.142,0.088,2679.7,46.9,5.1,24.7,8.7,1.78,48.99
NEON.PLA.D07.ORNL.09278,D07,LITU,26.7,Liriodendron tulipifera L.,316.6,ORNL,35.965253,-84.286857,71.9,16.63,14.67,0.173,1.592,0.506,9.67,2.75,2.39,0.231,0.118,874.3,94,9.9,26.3,11.9,2.48,48.82
NEON.PLA.D07.ORNL.09388,D07,LIST2,21.6,Liquidambar styraciflua L.,316.6,ORNL,35.965253,-84.286857,84.9,19.91,16.32,0.122,0.836,0.677,3.63,0.8,1.02,0.327,0.093,2482.2,56.2,7.3,19.8,40.7,1.56,47.61
NEON.PLA.D07.ORNL.09396,D07,QURU,27,Quercus rubra L.,316.6,ORNL,35.965253,-84.286857,95.6,28.88,14.12,0.119,1.105,0.399,7.22,2.03,1.65,0.231,0.095,2499.1,58.5,5.6,31.3,18.5,2.18,49.69
NEON.PLA.D08.LENO.00016,D08,CACA18,6.2,Carpinus caroliniana Walter,10.9,LENO,31.806907,-88.19388,58.7,6.05,16.45,0.144,0.536,0.806,5.03,1.78,2.25,0.174,0.042,1397.5,43.6,7,17.4,26.1,1.68,46.74
NEON.PLA.D08.LENO.00025,D08,QUPH,25.4,Quercus phellos L.,10.9,LENO,31.806907,-88.19388,92.9,27.66,20.08,0.135,0.682,0.352,5.51,1.32,1.91,0.134,0.046,1337.2,31.7,5,15.8,24.9,1.89,49.85
NEON.PLA.D08.LENO.00065,D08,QUPA5,26.2,Quercus pagoda Raf.,10.3,LENO,31.808316,-88.188214,84,26.25,23.62,0.154,0.759,0.344,6.58,1.53,1.83,0.088,0.051,1769.1,34.5,6,22.1,25.3,2,49.42
NEON.PLA.D08.LENO.00079,D08,QUPA5,18.6,Quercus pagoda Raf.,10.3,LENO,31.808316,-88.188214,86.1,26.240000000000002,23,0.143,0.878,0.71,7.75,2.1,2.03,0.197,0.037,2288.7,89.7,9.9,14.1,35.2,1.66,48.98
NEON.PLA.D08.LENO.00178,D08,PLOC,22.5,Platanus occidentalis L.,13.3,LENO,31.827863,-88.181486,58.7,26.56,20.78,0.237,1.024,0.828,8.73,2.31,1.96,0.18,0.071,47,75.3,11.1,28.6,21.2,1.83,49.66
NEON.PLA.D08.LENO.00190,D08,PLOC,18.6,Platanus occidentalis L.,13.3,LENO,31.827863,-88.181486,48,28.61,22.66,0.251,0.8775,0.99,11.04,2.57,2.49,0.177,0.0725,52.099999999999994,68.7,10.600000000000001,36.349999999999994,28.25,1.91,49.01
NEON.PLA.D08.LENO.00240,D08,QUPH,17,Quercus phellos L.,16.7,LENO,31.825951,-88.183041,67,22.74,25.87,0.137,0.661,0.588,8.92,2.22,2.33,0.151,0.045,1217.7,111.6,6,19.8,23.7,1.96,50.36
NEON.PLA.D08.LENO.00256,D08,CELA,8.6,Celtis laevigata Willd.,16.7,LENO,31.825951,-88.183041,43,12.7,16.04,0.272,1.579,4.095,13.3,3.52,3.57,0.386,0.051,159.3,76.3,12.7,21.5,25.2,2.82,43
NEON.PLA.D08.LENO.00305,D08,CACA18,5.4,Carpinus caroliniana Walter,12.4,LENO,31.821088,-88.182303,39.3,5.64,16.98,0.174,0.92,1.32,9.03,3.05,2.38,0.185,0.044,816.9,48.1,8.8,29.1,26.7,1.99,46.5
NEON.PLA.D08.LENO.00621,D08,CACA18,2.3,Carpinus caroliniana Walter,10.8,LENO,31.808121,-88.179966,36.9,5.1,19.35,0.1605,0.599,1.258,8,2.99,2.31,0.251,0.0485,995.0999999999999,49.1,8.55,51.1,32,2.12,47.32
NEON.PLA.D08.LENO.00631,D08,QUNI,23.7,Quercus nigra L.,10.8,LENO,31.808121,-88.179966,108.1,24.66,22.05,0.144,0.743,0.571,9.29,2.43,2.29,0.144,0.054,987.7,39.2,6.1,9.2,37.3,1.98,50.37
NEON.PLA.D08.LENO.00647,D08,QUMI,20.4,Quercus michauxii Nutt.,11.6,LENO,31.814261,-88.18736,83.9,18.52,20.605,0.23,1.166,0.841,8,1.6,2.53,0.192,0.05,1298.2,46.3,8.7,25.8,33,2.34,50
NEON.PLA.D08.LENO.00652,D08,QUMI,20.9,Quercus michauxii Nutt.,11.6,LENO,31.814261,-88.18736,60.8,18.54,20.76,0.213,0.956,0.584,10.42,2.68,2.83,0.133,0.046,1267.9,34.6,10,20.2,33,2.24,49.35
NEON.PLA.D08.LENO.00667,D08,QUPA5,29.8,Quercus pagoda Raf.,11.6,LENO,31.814261,-88.18736,91.2,26.09,23.46,0.144,0.897,0.367,9.11,2.01,2.44,0.121,0.042,1329.8,40.2,7.1,15.1,34.7,1.95,49.91
NEON.PLA.D08.LENO.00752,D08,QULA3,11.6,Quercus laurifolia Michx.,13.8,LENO,31.812513,-88.202235,66.1,13.82,20.48,0.135,0.624,0.492,8.14,2.05,2.04,0.149,0.045,1276.1,52.4,8.6,14.8,21.7,1.82,49.78
NEON.PLA.D08.LENO.00773,D08,QULA3,18.3,Quercus laurifolia Michx.,13.8,LENO,31.812513,-88.202235,165,19.04,24.77,0.114,0.475,0.491,6.44,1.44,1.74,0.131,0.034,1482.9,51.3,6,16.8,29.2,1.53,50.185
NEON.PLA.D08.LENO.00799,D08,LIST2,7.2,Liquidambar styraciflua L.,13.8,LENO,31.812513,-88.202235,48.3,25.38,22.44,0.219,0.735,0.552,6.09,1.35,1.61,0.216,0.065,845.2,47.9,7.6,12.7,33.2,2.45,50.3
NEON.PLA.D08.LENO.00977,D08,FRPE,10,Fraxinus pennsylvanica Marshall,12.8,LENO,31.824646,-88.177622,42.5,22.31,19.76,0.401,1.517,0.701,14.72,4.41,3.81,0.214,0.09,52.4,114.3,16.9,21,31.7,2.94,47.28
NEON.PLA.D08.LENO.01186Z,D08,ULAM,12.5,Ulmus americana L.,10.8,LENO,31.808121,-88.179966,53.9,17.630000000000003,19.270000000000003,0.285,1.606,1.398,15.98,5.55,3.4,0.245,0.048,106.3,50.5,5.5,37.9,16.1,2.22,44.91
NEON.PLA.D08.LENO.01187Z,D08,PLOC,10.2,Platanus occidentalis L.,12.8,LENO,31.824646,-88.177622,62,29.12,21.24,0.268,1.171,0.543,8.8,2.64,1.91,0.152,0.061,112,67.8,7.7,12.7,24.6,2,49.26
NEON.PLA.D08.LENO.01188Z,D08,FRPE,4.8,Fraxinus pennsylvanica Marshall,12.8,LENO,31.824646,-88.177622,2.1,24.27,19.94,0.316,1.574,0.837,16,4.61,4.23,0.265,0.097,52,71.8,13.3,11.7,30.8,2.78,47.64
NEON.PLA.D08.LENO.01189Z,D08,CACA18,6.4,Carpinus caroliniana Walter,13.7,LENO,31.857548,-88.163273,63.7,6.57,16.72,0.167,0.562,1.138,9.48,3.34,2.17,0.174,0.049,1402,57.3,11.5,27.1,22.4,1.8,44.84
NEON.PLA.D08.LENO.01190Z,D08,FRPE,6.8,Fraxinus pennsylvanica Marshall,11.3,LENO,31.857053,-88.161742,35.3,23.02,28.26,0.32,1.624,1.209,21.36,6.71,5.39,0.197,0.093,35.9,75.6,18,25.2,20.4,2.35,47.29
NEON.PLA.D08.LENO.01191Z,D08,ULAM,8.1,Ulmus americana L.,11.3,LENO,31.857053,-88.161742,41.9,15.65,19.53,0.302,1.5,1.336,18.84,6.5,3.62,0.331,0.057,137.1,65.5,8.9,33.1,24.4,2.57,44.86
NEON.PLA.D08.LENO.01202,D08,QUPA5,25.4,Quercus pagoda Raf.,15.4,LENO,31.811628,-88.181313,83.6,24.34,22.61,0.165,1.036,0.656,7.29,1.55,2,0.139,0.053,1394.7,45.5,9.3,19,35.5,2.15,50.24
NEON.PLA.D08.LENO.01203Z,D08,QUPH,19,Quercus phellos L.,12.4,LENO,31.821088,-88.182303,74.6,22.64,19.27,0.168,0.801,0.497,9.03,2.17,2.47,0.148,0.052,1361.3,40.3,7.9,22.2,28.7,2.22,48.86
NEON.PLA.D08.LENO.01206,D08,CACA18,10.4,Carpinus caroliniana Walter,15.4,LENO,31.811628,-88.181313,54.9,6.69,19.28,0.181,0.802,1.345,9.28,2.91,2.35,0.168,0.047,1016.9,44.5,11.1,22.8,37.3,2.18,47.28
NEON.PLA.D08.LENO.08425,D08,QUNI,19.5,Quercus nigra L.,12.4,LENO,31.854294,-88.160718,68.2,21.33,26.67,0.168,0.817,0.667,11,3.02,2.45,0.169,0.05,705.3,37.1,7.2,20.2,37,1.9249999999999998,49.614999999999995
NEON.PLA.D08.LENO.08444,D08,ULAM,7,Ulmus americana L.,12.4,LENO,31.854294,-88.160718,58.4,17.77,19.63,0.294,1.876,1.0725,13.06,4.03,3.26,0.253,0.057999999999999996,58.7,47.55,5.800000000000001,52.1,33.1,2.65,45.57
NEON.PLA.D08.LENO.08458,D08,LIST2,10.7,Liquidambar styraciflua L.,12.4,LENO,31.854294,-88.160718,58.6,18.06,17.89,0.295,1.39,0.617,12.08,3.8,2.67,0.293,0.075,995.4,38,10.8,20.7,39.3,2.44,49.71
NEON.PLA.D08.LENO.08521,D08,CACA18,4.7,Carpinus caroliniana Walter,12.1,LENO,31.85541,-88.160398,46.8,6.63,18.88,0.168,0.677,1.383,12.02,4.25,2.6,0.199,0.049,582.4,47.7,8.3,18.5,29.8,2,47.54
NEON.PLA.D08.LENO.08527,D08,LIST2,16.3,Liquidambar styraciflua L.,12.1,LENO,31.85541,-88.160398,65.8,20.78,17.67,0.238,0.962,0.6,7.45,1.99,1.93,0.208,0.067,736,35.5,7.9,10.4,44.5,2.14,48.91
NEON.PLA.D08.LENO.08530,D08,LIST2,17.5,Liquidambar styraciflua L.,12.1,LENO,31.85541,-88.160398,74.4,17.5,13.77,0.366,0.929,0.832,6.29,1.7,1.61,0.314,0.069,1027.8,23.2,12.4,13.7,36.7,2.05,48.19
NEON.PLA.D08.LENO.08763,D08,QUNI,11,Quercus nigra L.,11.3,LENO,31.857053,-88.161742,89.3,21.77,25.09,0.153,0.861,0.779,11.7,3.8,2.38,0.154,0.052,676.3,42.9,7.4,21.2,34.3,2.15,49.61
NEON.PLA.D08.LENO.08852,D08,CELA,24.1,Celtis laevigata Willd.,13.7,LENO,31.857548,-88.163273,55.1,12.72,17.66,0.265,1.657,4.166,18.12,5.42,4.68,0.386,0.059,203.8,56.4,14.1,23.2,19.1,2.91,42.32
NEON.PLA.D08.LENO.11695Z,D08,QULA3,19,Quercus laurifolia Michx.,10.9,LENO,31.806907,-88.19388,93.9,18.32,20.48,0.132,0.639,0.44,8.41,2.44,2.19,0.162,0.044,1450.2,36.8,6.7,16,22.8,1.96,49.35
NEON.PLA.D08.LENO.11696Z,D08,CELA,15.5,Celtis laevigata Willd.,10.3,LENO,31.808316,-88.188214,40,6.45,14.36,0.311,1.727,2.678,13.34,3.25,3.84,0.4,0.072,138.4,50.7,9.4,19.4,24.8,3.48,44.35
NEON.PLA.D08.LENO.11697Z,D08,LIST2,21.4,Liquidambar styraciflua L.,15.4,LENO,31.811628,-88.181313,46.3,14.05,13.67,0.335,1.621,0.609,9.74,2.1,2.59,0.201,0.066,597.3,46.8,14.6,15.8,42.4,2.47,49.73
NEON.PLA.D08.LENO.11698Z,D08,QUPA5,7.8,Quercus pagoda Raf.,13.3,LENO,31.827863,-88.181486,63.3,20.92,23.14,0.198,1.012,0.67,9.71,2.63,2.24,0.164,0.053,457.7,49.1,8.6,19.1,27.6,2.48,49.65
NEON.PLA.D08.LENO.11699Z,D08,LIST2,10.2,Liquidambar styraciflua L.,16.7,LENO,31.825951,-88.183041,54.1,17.82,15.62,0.134,0.615,0.492,9.07,2,2.7,0.146,0.069,826.6,41.1,11.5,17.1,43.9,2.62,49.32
NEON.PLA.D08.LENO.11700Z,D08,CELA,6.5,Celtis laevigata Willd.,12.4,LENO,31.821088,-88.182303,45.6,5.86,16.06,0.268,1.204,4.634,12.58,3.42,3.87,0.482,0.051,101.8,58.8,8.8,37.4,31.5,2.625,42.185
NEON.PLA.D08.LENO.14643,D08,ULAM,12.5,Ulmus americana L.,13.7,LENO,31.857548,-88.163273,62.4,17.45,19.9,0.27,1.483,1.666,13.8,4.62,3.03,0.224,0.047,122.6,55.2,5.9,39.1,14.9,2.18,44.41
NEON.PLA.D08.TALL.00207,D08,QUAL,5.3,Quercus alba L.,105.1,TALL,32.899796,-87.406679,81,17.26,18.82,0.119,0.553,0.477,3.42,0.72,1.03,0.19,0.108,1311.5,65.6,7.3,22.5,27.2,1.68,46.97
NEON.PLA.D08.TALL.00213,D08,LIST2,17.8,Liquidambar styraciflua L.,135.8,TALL,32.951506,-87.398919,95.8,30.49,22.79,0.131,1.046,0.538,5.87,1.31,1.31,0.304,0.12,723.1,65.1,10.2,17.2,30.3,1.5950000000000002,48.55
NEON.PLA.D08.TALL.00231,D08,PITA,22.3,Pinus taeda L.,135.8,TALL,32.951506,-87.398919,277.8,22.05,24.65,0.11699999999999999,1.0545,0.139,8.19,2.1,2.22,0.096,0.0885,438.70000000000005,61.95,20.7,12.600000000000001,35.599999999999994,1.22,50.31
NEON.PLA.D08.TALL.00248,D08,LITU,27.6,Liriodendron tulipifera L.,135.8,TALL,32.951506,-87.398919,70.6,15.81,17.47,0.171,1.238,1.036,4.64,1.04,1.25,0.473,0.164,459.3,61.9,10.5,22.6,21,2.33,48.39
NEON.PLA.D08.TALL.00380,D08,PIPA2,12.7,Pinus palustris Mill.,132,TALL,32.957884,-87.432613,279.4,17.85,22.81,0.068,0.521,0.116,2.68,0.54,0.85,0.069,0.074,291.6,74.3,3,13.5,49.8,0.8,50.33
NEON.PLA.D08.TALL.00474,D08,PITA,17.5,Pinus taeda L.,132,TALL,32.957884,-87.432613,278.4,19.94,20.75,0.104,0.663,0.19,2.38,0.52,0.75,0.074,0.081,535.1,78.5,3.1,11.1,56.6,1.12,52.23
NEON.PLA.D08.TALL.00562,D08,PIPA2,19.5,Pinus palustris Mill.,119.9,TALL,32.897128,-87.397349,376.2,18.69,24.71,0.053,0.42,0.245,3.42,0.86,1.14,0.05,0.061,715.4,60.5,2.1,8.4,29.7,0.7,48.66
NEON.PLA.D08.TALL.00667,D08,PIPA2,10.1,Pinus palustris Mill.,132,TALL,32.957884,-87.432613,321.9,19.66,25.54,0.07,0.564,0.111,2.6,0.52,0.81,0.072,0.078,337.4,55.8,3.3,12.9,47.3,0.89,49.69
NEON.PLA.D08.TALL.00922,D08,QUAL,11.1,Quercus alba L.,82.5,TALL,32.974429,-87.42694,88.4,17.1,20.65,0.141,1.124,0.513,5.44,1.36,1.36,0.159,0.109,844,58.6,8.7,15.9,27.8,1.52,48.46
NEON.PLA.D08.TALL.00925,D08,LITU,18.5,Liriodendron tulipifera L.,82.5,TALL,32.974429,-87.42694,73.7,16.39,19.43,0.178,1.722,0.48,6.25,1.68,1.42,0.308,0.145,489.6,50.1,11.3,16,32.3,2.78,48.67
NEON.PLA.D08.TALL.00964,D08,PIPA2,15.6,Pinus palustris Mill.,82.5,TALL,32.974429,-87.42694,316.8,18.81,25.63,0.072,0.616,0.068,2.6,0.51,0.86,0.059,0.061,258.2,48,2.7,7.1,23.4,0.575,49.385
NEON.PLA.D08.TALL.00995,D08,QUMO4,10.4,Quercus montana Willd.,118.3,TALL,32.922158,-87.428893,62.8,24.86,21.31,0.127,0.912,0.577,6.75,1.52,1.65,0.216,0.116,2003.1,72.7,6.6,40.9,23.8,1.91,48.43
NEON.PLA.D08.TALL.01092,D08,PITA,8.9,Pinus taeda L.,118.3,TALL,32.922158,-87.428893,206.9,20.41,22.21,0.128,0.895,0.153,5.44,1.72,1.19,0.142,0.107,794.4,70.1,6,23.5,50.2,1.45,50.73
NEON.PLA.D08.TALL.01106,D08,LIST2,8.6,Liquidambar styraciflua L.,118.3,TALL,32.922158,-87.428893,40.5,24.93,22.06,0.128,1.024,0.73,3.18,0.88,0.82,0.416,0.16,2309.6,48.2,8,20.5,55.1,1.63,47.98
NEON.PLA.D08.TALL.01834,D08,LIST2,23.9,Liquidambar styraciflua L.,97.8,TALL,32.898843,-87.446128,90.9,23.35,25.97,0.118,0.81,0.463,4.62,1.09,1.35,0.245,0.117,1079.4,41,8.4,11.9,27.6,1.57,49.75
NEON.PLA.D08.TALL.01903,D08,PIPA2,22.8,Pinus palustris Mill.,117.9,TALL,32.950148,-87.397284,220.1,17.41,27.03,0.077,0.531,0.14,2.48,0.43,0.8,0.091,0.087,542.9,61.8,3.2,10,35.9,0.88,48.73
NEON.PLA.D08.TALL.01905,D08,NYSY,20,Nyssa sylvatica Marshall,98.6,TALL,32.977667,-87.432716,90.4,9.67,17.44,0.101,0.798,0.424,2.15,0.82,0.72,0.385,0.118,511.4,56.1,7.1,16.7,26.4,1.25,49.38
NEON.PLA.D08.TALL.01906,D08,PITA,19.4,Pinus taeda L.,117.9,TALL,32.950148,-87.397284,250.4,16.03,20.75,0.102,0.593,0.224,4.45,1.07,1.21,0.124,0.077,906.4,67.6,3.1,11.5,51.1,1.09,49.56
NEON.PLA.D08.TALL.01918,D08,QUAL,13.3,Quercus alba L.,117.9,TALL,32.950148,-87.397284,47.3,19.81,21.89,0.128,0.847,0.434,3.83,0.73,1.22,0.16,0.102,1470.8,58.1,7.6,18.3,27,1.79,48.43
NEON.PLA.D08.TALL.02017,D08,PIPA2,16.7,Pinus palustris Mill.,117.6,TALL,32.884749,-87.454396,332.5,19.665,27.1,0.062,0.588,0.14,3.71,0.98,1.23,0.102,0.067,845.7,43.1,2.7,6.1,43,0.665,49.255
NEON.PLA.D08.TALL.02026,D08,PIPA2,19.3,Pinus palustris Mill.,117.6,TALL,32.884749,-87.454396,328.2,20.43,24.31,0.073,0.409,0.132,4.55,1.06,1.5,0.085,0.082,864.9,45.7,3,7.1,45,0.86,48.35
NEON.PLA.D08.TALL.02111,D08,NYSY,19.3,Nyssa sylvatica Marshall,98.6,TALL,32.977667,-87.432716,62.1,7.26,17.24,0.14300000000000002,0.915,0.245,1.58,0.51,0.66,0.3215,0.11,804.1,33.099999999999994,7,12.399999999999999,20.5,1.32,47.4
NEON.PLA.D08.TALL.02155,D08,NYSY,22.9,Nyssa sylvatica Marshall,98.6,TALL,32.977667,-87.432716,123.7,7.83,14.55,0.09,0.542,0.394,3.41,1.45,1.26,0.409,0.101,833.9,40.4,7.7,18.7,18.1,1.17,48.04
NEON.PLA.D08.TALL.02330,D08,PIPA2,17,Pinus palustris Mill.,124.8,TALL,32.948793,-87.397268,256.65000000000003,23.34,26.09,0.093,0.737,0.1,2.69,0.53,0.89,0.056,0.114,349.9,66.6,3.3,6.9,43.4,0.89,51.46
NEON.PLA.D08.TALL.02342,D08,PIEC2,11.4,Pinus echinata Mill.,124.8,TALL,32.948793,-87.397268,236.6,22.52,19.97,0.097,0.488,0.176,1.92,0.39,0.61,0.106,0.078,534.3,67.6,3.5,12.5,29.4,0.96,48.47
NEON.PLA.D08.TALL.02629,D08,QUMO4,24.8,Quercus montana Willd.,113,TALL,32.921617,-87.433388,141.85000000000002,22.1,16.72,0.104,1.145,0.298,3.7,0.78,1.13,0.172,0.101,1292.2,51.8,16.9,20.6,26.6,1.75,51.2
NEON.PLA.D08.TALL.02782,D08,QUAL,20.9,Quercus alba L.,113,TALL,32.921617,-87.433388,110.5,16.4,18.97,0.113,1.061,0.32,3.19,0.63,1.01,0.14,0.096,1448.2,68,8.8,14.7,18.1,1.605,48.209999999999994
NEON.PLA.D08.TALL.03295,D08,PIEC2,16.2,Pinus echinata Mill.,130.1,TALL,32.952869,-87.397604,282.1,17.87,18.72,0.092,0.543,0.305,2.9,0.67,0.84,0.1,0.077,926.7,78.5,3.2,10,55.1,0.98,49.31
NEON.PLA.D08.TALL.03408,D08,PIEC2,12.4,Pinus echinata Mill.,130.1,TALL,32.952869,-87.397604,315.2,21.37,18.7,0.102,0.695,0.18,3,0.84,0.79,0.114,0.083,542.8,61.6,3.5,10,47.3,1.11,49.64
NEON.PLA.D08.TALL.03426,D08,LITU,13.3,Liriodendron tulipifera L.,130.1,TALL,32.952869,-87.397604,75.5,20.4,17.97,0.166,1.168,0.649,5.83,1.5,1.54,0.333,0.146,353,71.4,10.5,17,29.9,2.18,48.38
NEON.PLA.D08.TALL.11010,D08,LIST2,6.7,Liquidambar styraciflua L.,105.1,TALL,32.899796,-87.406679,72.2,29.29,22.25,0.146,0.852,0.558,3.4,0.91,0.95,0.309,0.113,729.7,43.4,9.4,13.7,54.3,1.63,48.77
NEON.PLA.D08.TALL.11026,D08,QUAL,4.1,Quercus alba L.,105.1,TALL,32.899796,-87.406679,83.4,19.58,21.47,0.106,0.5,0.528,3.77,0.87,1.15,0.231,0.11,1220.3,84.3,8,13.1,26.5,1.68,47.84
NEON.PLA.D08.TALL.11693Z,D08,QUFA,2.9,Quercus falcata Michx.,97.8,TALL,32.898843,-87.446128,87.63333333333333,19.30666666666667,24.223333333333333,0.09999999999999999,0.598,0.322,3.4333333333333336,0.8233333333333334,1.0133333333333334,0.19866666666666666,0.08666666666666667,1061.1999999999998,40.9,6.733333333333333,17.066666666666666,20.566666666666666,1.4933333333333332,48.97666666666667
NEON.PLA.D08.TALL.11694Z,D08,NYSY,5.1,Nyssa sylvatica Marshall,117.6,TALL,32.884749,-87.454396,76.3,6.17,12.99,0.098,0.874,0.267,3.95,1.4,1.23,0.361,0.1,1695,43.7,6.7,16.7,17.3,1.39,47.22
NEON.PLA.D08.TALL.13096Z,D08,QUFA,21.4,Quercus falcata Michx.,119.9,TALL,32.897128,-87.397349,122.2,18.08,20.93,0.12,0.898,0.29,2.38,0.56,0.73,0.181,0.103,1021,45.4,9.1,24.5,27.6,1.66,49.57
NEON.PLA.D08.TALL.13097Z,D08,PIPA2,16.7,Pinus palustris Mill.,119.9,TALL,32.897128,-87.397349,393.1,20.73,27.05,0.075,0.418,0.158,3.96,0.89,1.22,0.09,0.066,611.3,48,3.1,12.9,31.9,0.85,48.8
NEON.PLA.D08.TALL.13098Z,D08,QUFA,1.8,Quercus falcata Michx.,122.8,TALL,32.89353,-87.415341,97.7,28.21,22.73,0.095,0.593,0.42,3.13,0.93,0.79,0.205,0.106,467.5,43.7,7.5,32.8,27.3,1.8,50.52
NEON.PLA.D08.TALL.13099Z,D08,LIST2,1.4,Liquidambar styraciflua L.,122.8,TALL,32.89353,-87.415341,84.2,24.09,21.42,0.162,0.823,0.428,4.79,1.2,1.36,0.3,0.116,516.6,45.2,4.2,20.4,23,1.7,48.92
NEON.PLA.D08.TALL.13100Z,D08,LIST2,1.3,Liquidambar styraciflua L.,122.8,TALL,32.89353,-87.415341,76.3,26.21,31.42,0.154,0.949,0.383,11.69,3.24,2.62,0.287,0.134,403.5,45.7,6.6,15.7,34.3,1.46,48.32
NEON.PLA.D13.MOAB.00396,D13,ARTR2,1.3,Artemisia tridentata Nutt.,1996.4,MOAB,38.265495,-109.34184,148.8,13.76,17.84,0.314,0.197,0.348,4.65,1.36,1.6,0.438,0.173,56,61.1,8,57.5,35.4,1.99,51.05
NEON.PLA.D13.MOAB.00398,D13,ARTR2,0.8,Artemisia tridentata Nutt.,1996.4,MOAB,38.265495,-109.34184,159.1,12.91,18.08,0.334,1.287,0.374,4.24,1.3,1.34,0.202,0.165,44.7,78.3,4.1,56.4,21,1.62,49.77
NEON.PLA.D13.MOAB.00503,D13,ARTR2,0.5,Artemisia tridentata Nutt.,1996.4,MOAB,38.265495,-109.34184,182.1,11.94,19.6,0.301,1.081,0.432,3.94,1.19,1.28,0.169,0.17,39.7,61.9,4.6,71.9,25.9,1.56,50.48
NEON.PLA.D13.MOAB.00518,D13,PIED,3.5,Pinus edulis Engelm.,2018.6,MOAB,38.26229,-109.344633,302.5,20.52,19.77,0.093,0.4455,0.478,2.01,0.7,1.04,0.1915,0.0755,17.25,47.7,1.55,22.1,10.7,0.82,51.07
NEON.PLA.D13.MOAB.00540,D13,PIED,1.7,Pinus edulis Engelm.,2018.6,MOAB,38.26229,-109.344633,318.7,18.67,19.31,0.161,0.391,0.647,1.93,0.66,1.06,0.209,0.07,23.1,46.8,3.7,23.5,41.9,0.86,50.83
NEON.PLA.D13.MOAB.00631,D13,PIED,2.9,Pinus edulis Engelm.,2006.8,MOAB,38.261287,-109.349483,323.4,18.15,22.17,0.094,0.768,3.374,3.22,0.97,1.31,0.48,0.1,63.6,143.8,5.1,20.2,23.2,0.99,50.52
NEON.PLA.D13.MOAB.00656,D13,PIED,3.2,Pinus edulis Engelm.,2006.8,MOAB,38.261287,-109.349483,360.3,23.54,21.98,0.093,0.605,0.314,6.05,2.28,2.7,0.116,0.092,9.3,46.2,2.2,20.2,16.8,0.95,51.28
NEON.PLA.D14.JORN.02593,D14,PRGL2,0.3,Prosopis glandulosa Torr.,1320,JORN,32.593905,-106.797359,141.2,12.54,14.65,0.153,1.422,1.048,5.26,0.99,1.68,0.229,0.257,48,62.9,23.4,108.5,41.4,3.25,48.53
NEON.PLA.D14.JORN.02595,D14,PRGL2,0.9,Prosopis glandulosa Torr.,1323.5,JORN,32.575696,-106.803388,160.8,12.38,20.22,0.148,1.137,1.124,5,0.92,1.74,0.226,0.275,61.9,86.9,11.3,104.8,34.9,2.95,48.14
NEON.PLA.D14.JORN.02596,D14,PRGL2,0.7,Prosopis glandulosa Torr.,1323.5,JORN,32.575696,-106.803388,110.6,13.11,19.56,0.156,1.421,0.784,6.22,1.38,1.71,0.214,0.225,33.3,74.5,10.4,59.9,29.4,2.94,48.31
NEON.PLA.D14.JORN.02598,D14,PRGL2,0.8,Prosopis glandulosa Torr.,1331.6,JORN,32.630328,-106.86076,144.9,12.62,17.69,0.142,1.355,0.879,4.04,0.92,1.05,0.308,0.273,32.2,101.7,15.8,76,27.5,2.75,48.59
NEON.PLA.D14.JORN.02599,D14,PRGL2,0.6,Prosopis glandulosa Torr.,1331.6,JORN,32.630328,-106.86076,140.5,14.49,17.44,0.119,1.0619999999999998,1.1775,4.27,0.81,1.49,0.2445,0.257,67.35,162.95,9.05,88.3,29.6,2.28,48.23
NEON.PLA.D14.JORN.02681,D14,PRGL2,0.6,Prosopis glandulosa Torr.,1323.4,JORN,32.60493,-106.802046,154.3,11.51,17.06,0.175,1.541,0.67,8.09,1.47,2.43,0.216,0.271,58,86.5,19.5,64.7,25.8,3.05,48.77
NEON.PLA.D14.JORN.02683,D14,PRGL2,0.6,Prosopis glandulosa Torr.,1328.2,JORN,32.611356,-106.826155,163.2,9.94,14.81,0.145,1.7,0.627,6.49,1.19,1.88,0.211,0.227,36.9,121.2,26.7,82.5,53.4,2.87,47.92
NEON.PLA.D14.JORN.02684,D14,PRGL2,0.7,Prosopis glandulosa Torr.,1328.2,JORN,32.611356,-106.826155,168,10.3,16.28,0.124,1.424,0.465,5.75,1.09,1.67,0.166,0.203,39.4,70.3,19.8,65.1,48,2.67,48.25
NEON.PLA.D14.JORN.02686,D14,PRGL2,0.7,Prosopis glandulosa Torr.,1326.7,JORN,32.611448,-106.83769,145.2,13.48,17.28,0.164,1.599,0.576,7.53,1.48,2.11,0.167,0.26,46.4,69.6,21.2,101.6,39.7,3.14,49.5
NEON.PLA.D14.JORN.02688,D14,PRGL2,0.9,Prosopis glandulosa Torr.,1326.7,JORN,32.611448,-106.83769,139.6,13.29,17.35,0.158,1.277,0.916,8.11,1.73,2,0.264,0.251,53.6,59.8,26.8,106,45.4,3.39,49.11
NEON.PLA.D14.JORN.02689,D14,PRGL2,0.5,Prosopis glandulosa Torr.,1331.7,JORN,32.628336,-106.847936,157.1,13.53,18.37,0.134,0.975,0.71,4.13,0.91,1.31,0.285,0.286,51.5,66.7,24.7,139.7,43.9,2.47,49.66
NEON.PLA.D14.JORN.02690,D14,PRGL2,0.4,Prosopis glandulosa Torr.,1331.7,JORN,32.628336,-106.847936,111.4,14.1,21.9,0.178,1.382,0.672,8.58,2,1.92,0.266,0.255,40.7,76.4,11.4,68.9,47.2,3.26,49.45
NEON.PLA.D14.JORN.02691,D14,PRGL2,0.6,Prosopis glandulosa Torr.,1331.7,JORN,32.628336,-106.847936,136.5,11.51,15.47,0.118,0.962,1.191,5.17,1.15,1.29,0.309,0.273,55.3,178,11.3,108.8,35.1,2.48,48
NEON.PLA.D14.JORN.02693,D14,PRGL2,0.7,Prosopis glandulosa Torr.,1321.1,JORN,32.600614,-106.838099,175.5,12.545,16.605,0.144,1.1585,1.177,4.33,0.9,1.45,0.244,0.2495,33,79.3,20,118.64999999999999,38.3,3.0999999999999996,48.5
NEON.PLA.D14.JORN.02696,D14,PRGL2,1,Prosopis glandulosa Torr.,1323.2,JORN,32.590562,-106.82446,150.3,11.37,33.62,0.147,1.229,1.003,5.08,1.08,1.53,0.279,0.273,52.5,102.8,11.4,104.6,35,2.89,47.64
NEON.PLA.D14.JORN.02697,D14,PRGL2,0.6,Prosopis glandulosa Torr.,1323.2,JORN,32.590562,-106.82446,162.6,14.59,15.22,0.109,1.056,1.399,3.39,0.73,1.16,0.373,0.28,55.7,177,11.9,142.8,25.9,2.36,47.955
NEON.PLA.D14.JORN.02699,D14,PRGL2,1.2,Prosopis glandulosa Torr.,1323.5,JORN,32.607919,-106.856765,140.6,13.61,19.88,0.141,1.544,0.959,7.54,1.45,2.11,0.208,0.256,38.3,81.4,23.9,41.9,50.3,3.07,48.11
NEON.PLA.D14.JORN.02700,D14,PRGL2,1.1,Prosopis glandulosa Torr.,1323.5,JORN,32.607919,-106.856765,154.3,15.54,19.41,0.136,1.125,0.774,6.21,0.93,2.13,0.165,0.244,27.6,66.2,22.6,56.1,63.6,2.98,49.61
NEON.PLA.D17.SOAP.00302,D17,QUCH2,3.1,Quercus chrysolepis Liebm.,1242.3,SOAP,37.031452,-119.269313,186.2,17.535,25.425,0.296,0.202,0.164,7.38,2.52,1.97,0.079,0.075,367.3,64.4,4.2,39.4,13.1,1.16,48.97
NEON.PLA.D17.SOAP.02710B,D17,QUKE,2.4,Quercus kelloggii Newberry,1248,SOAP,37.034451,-119.268722,74.8,10.61,16.75,0.315,0.254,0.126,9.15,1.99,2.47,0.054,0.153,236.3,152.9,8.7,31.5,34.8,2.82,47.61
NEON.PLA.D17.SOAP.02811,D17,QUKE,2.4,Quercus kelloggii Newberry,1242.3,SOAP,37.031452,-119.269313,86.1,11.42,19.1,0.538,0.495,0.157,7.22,1.73,1.9,0.072,0.103,193.7,97.9,7,24.4,25.5,1.93,48.03
NEON.PLA.D17.SOAP.03494,D17,CADE27,4.5,Calocedrus decurrens (Torr.) Florin,1109.8,SOAP,37.035341,-119.252226,282,15.99,14.64,0.3165,0.2345,0.1555,2.97,0.88,0.85,0.045,0.0675,290.05,160,6.3,49.3,13.3,0.7,49.14
NEON.PLA.D17.SOAP.03512,D17,PIPO,5.9,Pinus ponderosa Lawson & C. Lawson,1109.8,SOAP,37.035341,-119.252226,317.1,19.58,25.66,0.422,0.484,0.263,5.07,1.48,1.47,0.1,0.092,162.4,62.4,6.8,23.1,25.4,1.12,48.69
NEON.PLA.D17.SOAP.03857,D17,CADE27,3.6,Calocedrus decurrens (Torr.) Florin,1167.2,SOAP,37.033027,-119.257546,441.9,12.05,11.97,0.212,0.196,0.066,4.96,1.43,1.41,0.037,0.059,60.9,101.6,1.8,14.7,8.5,0.7,48.69
NEON.PLA.D17.SOAP.03860,D17,QUKE,2.5,Quercus kelloggii Newberry,1167.2,SOAP,37.033027,-119.257546,79.4,10.37,16.4,0.29900000000000004,0.26749999999999996,0.111,10.94,2.51,2.82,0.0475,0.1475,312.45000000000005,172.15,11.8,56.8,32.95,2.75,48.89
NEON.PLA.D17.SOAP.03891,D17,ARVIM,0.9,Arctostaphylos viscida Parry ssp. mariposa (Dudley) P.V. Wells,1167.2,SOAP,37.033027,-119.257546,157.1,23.51,21.82,0.43,0.175,0.132,3.28,0.94,0.94,0.053,0.056,17.7,65.3,5,30.6,27.1,0.94,49.99
NEON.PLA.D17.SOAP.03901,D17,CEMOG,1.5,Cercocarpus montanus Raf. var. glaber (S. Watson) F.L. Martin,1167.2,SOAP,37.033027,-119.257546,165.3,22.35,13.98,0.206,0.241,0.091,5.03,0.95,1.72,0.072,0.081,30.6,72,3.3,23,17.1,1.71,48.635
NEON.PLA.D17.SOAP.08278,D17,CEMOG,0.8,Cercocarpus montanus Raf. var. glaber (S. Watson) F.L. Martin,1098.4,SOAP,37.037929,-119.256671,130.6,18.22,14.25,0.254,0.308,0.115,7.48,1.82,2.27,0.058,0.089,47,100.8,3.6,25.3,22.1,1.96,49.39
NEON.PLA.D17.SOAP.08279,D17,CEMOG,1.3,Cercocarpus montanus Raf. var. glaber (S. Watson) F.L. Martin,1098.4,SOAP,37.037929,-119.256671,131.6,17.8,12.72,0.299,0.247,0.154,8.55,2.13,2.47,0.069,0.096,35.8,94.6,4.4,19.9,26.1,1.98,48.61
NEON.PLA.D17.SOAP.08280,D17,QUCH2,2.8,Quercus chrysolepis Liebm.,1098.4,SOAP,37.037929,-119.256671,200.8,17.65,23.84,0.439,0.754,0.171,6.37,1.8,1.85,0.092,0.086,487.4,133.6,4.1,35.4,20.2,1.2,48.46
NEON.PLA.D17.SOAP.08282,D17,CEIN3,2.3,Ceanothus integerrimus Hook. & Arn.,1197.9,SOAP,37.03743,-119.269476,70.5,6.24,10.59,0.308,0.239,0.143,14.94,3.51,3.29,0.068,0.14,241.6,103,4.9,59.7,39.4,2.86,45.21
NEON.PLA.D17.SOAP.08283,D17,CEIN3,2.2,Ceanothus integerrimus Hook. & Arn.,1197.9,SOAP,37.03743,-119.269476,65.2,4.97,9.45,0.2315,0.1725,0.033,16.48,3.92,3.89,0.0225,0.155,214.64999999999998,131.4,18.95,101,57.65,3.24,45.85
NEON.PLA.D17.SOAP.08284,D17,PIPO,11.1,Pinus ponderosa Lawson & C. Lawson,1197.9,SOAP,37.03743,-119.269476,307,15.59,24.68,0.247,0.153,0.075,10.64,3.67,3.26,0.038,0.072,102,39.3,2.8,25.3,30.9,1.24,50.52
NEON.PLA.D17.SOAP.08285,D17,CONU4,3.1,Cornus nuttallii Audubon ex Torr. & A. Gray,1102.6,SOAP,37.037301,-119.26273,48.2,6.65,21.29,0.352,0.229,0.137,18.84,5.64,4.16,0.046,0.176,25.3,139.7,4.4,37.1,22,2.15,42.33
NEON.PLA.D17.SOAP.08286,D17,CONU4,4.1,Cornus nuttallii Audubon ex Torr. & A. Gray,1102.6,SOAP,37.037301,-119.26273,53.1,5.4,14.01,0.326,0.201,0.107,8.78,2.63,2.43,0.043,0.14,17.4,86.7,2,28.7,14.2,1.43,43.43
NEON.PLA.D17.SOAP.08290,D17,CEIN3,1.8,Ceanothus integerrimus Hook. & Arn.,1234.7,SOAP,37.037899,-119.273518,68.9,8.93,11.02,0.28,0.001,0.008,11.8,2.81,3.06,0,0.108,229.4,96.1,5.5,67.3,36.8,2.43,45.43
NEON.PLA.D17.SOAP.08291,D17,CEIN3,1.4,Ceanothus integerrimus Hook. & Arn.,1234.7,SOAP,37.037899,-119.273518,66.5,7.74,10.97,0.084,0.003,0.015,10.02,2.11,2.81,0.001,0.096,316.5,119.9,5.3,54.9,35,2.22,45.36
NEON.PLA.D17.SOAP.08292,D17,QUCH2,4.5,Quercus chrysolepis Liebm.,1207.6,SOAP,37.032124,-119.263245,172.7,17.35,22.42,0.257,0.124,0.19,6.69,1.92,1.84,0.049,0.075,926.7,89.1,6.2,48,25.1,1.14,48.21
NEON.PLA.D17.SOAP.08293,D17,QUKE,6,Quercus kelloggii Newberry,1207.6,SOAP,37.032124,-119.263245,77.2,10.66,15.46,0.283,0.193,0.295,13.74,3.69,3.05,0.078,0.118,315.5,86.6,7.3,44.4,43,2,46.67
NEON.PLA.D17.SOAP.08294,D17,CADE27,4.9,Calocedrus decurrens (Torr.) Florin,1207.6,SOAP,37.032124,-119.263245,223.1,16.09,16.16,0.334,0.261,0.265,9.64,3.14,2.23,0.07,0.099,88.6,124.1,4.1,18.6,31.9,1.49,50.87
NEON.PLA.D17.SOAP.08296Z,D17,ARVIM,2.6,Arctostaphylos viscida Parry ssp. mariposa (Dudley) P.V. Wells,1248,SOAP,37.034451,-119.268722,191.5,23.05,20.02,0.324,0.289,0.122,6.05,1.91,1.62,0.115,0.05,82,88.6,3.3,22.8,25.1,0.66,50.02
NEON.PLA.D17.SOAP.08297Z,D17,CEMOG,2.1,Cercocarpus montanus Raf. var. glaber (S. Watson) F.L. Martin,1234.7,SOAP,37.037899,-119.273518,128.7,13.44,14.28,0.314,0.244,0.114,9.04,1.98,2.58,0.106,0.108,38.3,91.9,1.6,29.9,18.6,2.14,47.41
NEON.PLA.D17.SOAP.08298,D17,ARVIM,1.3,Arctostaphylos viscida Parry ssp. mariposa (Dudley) P.V. Wells,1242.3,SOAP,37.031452,-119.269313,165.5,21.44,18.18,0.287,0.268,0.097,4.13,1.3299999999999998,1.175,0.056,0.065,17.7,61.5,4.1,36.9,37.7,0.89,49.75
NEON.PLA.D17.SOAP.08299,D17,CADE27,3.8,Calocedrus decurrens (Torr.) Florin,1293,SOAP,37.030699,-119.281767,210,11.22,13.25,0.275,0.183,0.075,6.58,2.09,1.65,0.033,0.081,125.2,151.5,3.4,32.6,18.7,1.01,47.85
NEON.PLA.D17.SOAP.08300,D17,CADE27,6.7,Calocedrus decurrens (Torr.) Florin,1293,SOAP,37.030699,-119.281767,256.3,12.82,16.12,0.283,0.242,0.076,2.82,0.79,0.74,0.042,0.086,101.6,143,4.3,24.5,18.8,1.22,47.49
NEON.PLA.D19.DEJU.00241,D19,PIMA,2.6,"Picea mariana (Mill.) Britton, Sterns & Poggenb.",505.2,DEJU,63.88224,-145.739248,275.4,14.27,17.11,0.107,0.316,1.353,4.72,0.99,1.28,0.143,0.049,546.4,67.5,1.9,6.7,22.8,0.68,49.87
NEON.PLA.D19.DEJU.00301,D19,PIMA,3.6,"Picea mariana (Mill.) Britton, Sterns & Poggenb.",509.1,DEJU,63.880889,-145.742977,352.2,16.9,18.24,0.085,0.33,0.893,4.9,1.02,1.47,0.079,0.061,1105.8,107.1,3,6.7,6.2,0.83,51.78
NEON.PLA.D19.DEJU.00413,D19,PIMA,2.6,"Picea mariana (Mill.) Britton, Sterns & Poggenb.",509.1,DEJU,63.880889,-145.742977,268,14.75,17.53,0.075,0.272,1.577,4.59,0.95,1.15,0.096,0.056,658.6,118.5,2.3,7.3,18.1,0.7,50.65
NEON.PLA.D19.DEJU.00775,D19,PIMA,3.5,"Picea mariana (Mill.) Britton, Sterns & Poggenb.",506.8,DEJU,63.881243,-145.753351,278.1,15.05,17.01,0.08449999999999999,0.225,1.343,6.76,1.51,1.67,0.1765,0.047,1414.3000000000002,116.65,2.4,15.350000000000001,39.150000000000006,0.68,51.29
NEON.PLA.D19.DEJU.00783,D19,PIMA,2.3,"Picea mariana (Mill.) Britton, Sterns & Poggenb.",506.8,DEJU,63.881243,-145.753351,242.1,14.21,17.8,0.068,0.253,1.239,5.37,1.16,1.36,0.087,0.05,1234.5,144.7,1.8,9.1,46,0.73,51.32
NEON.PLA.D19.DEJU.00855,D19,PIMA,2.3,"Picea mariana (Mill.) Britton, Sterns & Poggenb.",506.8,DEJU,63.881243,-145.753351,287.1,15.45,19.1,0.088,0.454,0.752,4.6,0.95,1.29,0.095,0.046,532.9,57.8,2.2,6,14.3,0.69,51.53
NEON.PLA.D19.DEJU.01041,D19,ALVI5,1.1,Alnus viridis (Chaix) DC.,450.1,DEJU,63.930794,-145.751133,87.7,20.58,15.97,0.176,0.606,1.019,12.46,2.99,2.91,0.438,0.152,189.6,144.1,6.3,5.4,6.9,2.66,49.39
NEON.PLA.D19.DEJU.01075,D19,ALVI5,1.6,Alnus viridis (Chaix) DC.,450.1,DEJU,63.930794,-145.751133,74,15.61,14.46,0.199,0.714,1.292,18.08,4.5,4.02,0.422,0.156,332.7,144.5,5.1,2.4,7.1,2.99,50.24
NEON.PLA.D19.DEJU.01206,D19,ALVI5,1.3,Alnus viridis (Chaix) DC.,450.1,DEJU,63.930794,-145.751133,83.8,18.75,14.52,0.198,0.609,1.267,22.76,5.83,5.72,0.452,0.189,436.7,182.8,7.3,5,16.6,3.65,49.19
NEON.PLA.D19.DEJU.01315,D19,POTR5,0.5,Populus tremuloides Michx.,468.4,DEJU,63.912331,-145.766038,73.1,22.51,13.78,0.169,0.788,2.109,14.38,3.13,4.27,0.526,0.124,75.5,79.5,3.6,7.4,9.8,2.02,50.62
NEON.PLA.D19.DEJU.01370,D19,POTR5,0.4,Populus tremuloides Michx.,468.4,DEJU,63.912331,-145.766038,67.3,19.89,15.87,0.187,0.968,2.092,13.72,2.64,4.42,0.562,0.134,69.8,82.3,4.3,9.3,21.1,2.205,50.465
NEON.PLA.D19.DEJU.01398,D19,POTR5,0.6,Populus tremuloides Michx.,468.4,DEJU,63.912331,-145.766038,73.1,21.78,14.05,0.167,0.702,1.812,12.7,2.61,4.17,0.514,0.134,66,84.5,5.1,7.2,2.5,2,50.2
NEON.PLA.D19.DEJU.01616,D19,BENE4,0.7,Betula neoalaskana Sarg.,494.9,DEJU,63.89244,-145.769965,44.1,17.27,13.18,0.36,0.912,0.477,17.84,4.27,3.91,0.421,0.21,317.6,88,8.4,8.8,4.4,3.56,49.65
NEON.PLA.D19.DEJU.01848,D19,BENE4,0.9,Betula neoalaskana Sarg.,494.9,DEJU,63.89244,-145.769965,59.8,24,14.9,0.323,0.816,0.832,13.9,3.27,3.17,0.462,0.179,850,102,5.4,16.7,43.6,2.77,50.43
NEON.PLA.D19.DEJU.01909,D19,PIMA,0.5,"Picea mariana (Mill.) Britton, Sterns & Poggenb.",494.9,DEJU,63.89244,-145.769965,234.2,17.16,22.74,0.127,0.746,0.358,3.58,0.83,0.95,0.086,0.067,384.3,27.3,1.9,15.5,13.3,0.92,50.33
NEON.PLA.D19.DEJU.02221,D19,PIMA,3.3,"Picea mariana (Mill.) Britton, Sterns & Poggenb.",513.9,DEJU,63.883388,-145.780721,296,16.990000000000002,18.825,0.07,0.397,0.293,4.77,1.12,1.27,0.104,0.05,373.4,173.4,2.5,5.1,0.1,0.75,52.51
NEON.PLA.D19.DEJU.02404,D19,POTR5,3.4,Populus tremuloides Michx.,522.1,DEJU,63.87415,-145.741425,78.3,33.68,13.27,0.123,1.113,0.8,15.5,3.08,5.48,0.208,0.13,57,119.6,4.6,8.1,7.4,1.99,50.9
NEON.PLA.D19.DEJU.02409,D19,POTR5,6.2,Populus tremuloides Michx.,522.1,DEJU,63.87415,-145.741425,78.8,18.67,14.47,0.165,0.872,1.09,18.5,4,6.03,0.321,0.125,76.4,114.7,4.2,6.7,9.7,2.16,51.25
NEON.PLA.D19.DEJU.02410,D19,BENE4,6.4,Betula neoalaskana Sarg.,522.1,DEJU,63.87415,-145.741425,67.6,23.1,15.1,0.174,0.591,0.994,12.82,2.76,3.61,0.482,0.129,1054.7,154.8,4.7,8.1,14.7,2.12,49.95
NEON.PLA.D19.DEJU.02925,D19,PIMA,2.3,"Picea mariana (Mill.) Britton, Sterns & Poggenb.",511.7,DEJU,63.877756,-145.753497,255.2,14.79,16.32,0.061,0.261,0.471,3.52,0.76,1.11,0.079,0.044,108.8,77.8,1.8,7,0.7,0.59,51.19
NEON.PLA.D19.DEJU.02928,D19,PIMA,2.9,"Picea mariana (Mill.) Britton, Sterns & Poggenb.",511.7,DEJU,63.877756,-145.753497,322.2,17.9,17.01,0.069,0.287,0.895,4.92,1.19,1.2,0.086,0.041,116.6,89.3,1.5,5.4,10.2,0.61,50.77
NEON.PLA.D19.DEJU.02952,D19,PIMA,2.2,"Picea mariana (Mill.) Britton, Sterns & Poggenb.",511.7,DEJU,63.877756,-145.753497,284.5,14.63,18.14,0.067,0.276,0.973,4.81,1.1,1.27,0.078,0.05,624.3,111.7,2.4,7.1,8.8,0.68,51.02
NEON.PLA.D19.DEJU.03138,D19,PIMA,4.4,"Picea mariana (Mill.) Britton, Sterns & Poggenb.",544.3,DEJU,63.831139,-145.747612,244.4,15.57,21.58,0.084,0.494,1.515,4.98,1.1,1.17,0.041,0.06,1621.6,59.5,1.8,7.9,38.8,0.85,50.5
NEON.PLA.D19.DEJU.03231,D19,PIGL,3.8,Picea glauca (Moench) Voss,544.3,DEJU,63.831139,-145.747612,272.7,14.25,17,0.07,0.38,1.837,3.58,0.85,0.94,0.11,0.06,684.6,68.4,2.2,6.4,96.5,0.72,49.94
NEON.PLA.D19.DEJU.03236,D19,PIMA,4.3,"Picea mariana (Mill.) Britton, Sterns & Poggenb.",544.3,DEJU,63.831139,-145.747612,238.6,15.56,21.52,0.079,0.553,1.186,5.47,1.45,1.19,0.1,0.07,385.2,43.6,1.7,12.3,42.3,0.72,50.385000000000005
NEON.PLA.D19.DEJU.03294,D19,PIMA,0.8,"Picea mariana (Mill.) Britton, Sterns & Poggenb.",515.1,DEJU,63.879623,-145.720429,332.1,16.58,20.42,0.139,0.614,0.454,3.55,0.81,0.95,0.084,0.056,373.3,22.5,1.9,8.1,9.6,0.83,51.08
NEON.PLA.D19.DEJU.03328,D19,PIMA,3.7,"Picea mariana (Mill.) Britton, Sterns & Poggenb.",567.4,DEJU,63.853315,-145.760668,305.6,15.96,20.84,0.066,0.264,1.047,5.48,1.53,1.29,0.123,0.045,1114.8,72.9,1.4,7,22,0.74,51.54
NEON.PLA.D19.DEJU.03374,D19,PIMA,2.1,"Picea mariana (Mill.) Britton, Sterns & Poggenb.",567.4,DEJU,63.853315,-145.760668,250.4,13.85,18.35,0.064,0.314,1.434,5.2,1.41,1.15,0.071,0.05,1123.1,51.9,1.3,5.8,43.7,0.78,50.52
NEON.PLA.D19.DEJU.03389,D19,PIGL,2.5,Picea glauca (Moench) Voss,567.4,DEJU,63.853315,-145.760668,307.3,15.3,17.31,0.03,0.111,0.738,3.66,0.95,0.98,0.051,0.019,184.9,24.6,0.5,2.2,9.1,0.67,50.28
NEON.PLA.D19.DEJU.03403,D19,PIMA,3.6,"Picea mariana (Mill.) Britton, Sterns & Poggenb.",574.4,DEJU,63.857875,-145.759874,285.9,15.46,19.22,0.069,0.275,1.02,7.84,2,2.01,0.105,0.05,935.9,113.8,1.7,10.8,21,0.8,51.07
NEON.PLA.D19.DEJU.03563,D19,PIMA,3.4,"Picea mariana (Mill.) Britton, Sterns & Poggenb.",513.9,DEJU,63.883388,-145.780721,296.6,16.42,21.49,0.077,0.387,0.5905,3.7,0.88,1.05,0.11499999999999999,0.049,421.6,62.55,2.45,17.25,26.1,0.71,50.97
NEON.PLA.D19.DEJU.03620,D19,PIGL,2.6,Picea glauca (Moench) Voss,544.8,DEJU,63.835171,-145.748058,247.8,17.75,18.85,0.075,0.357,0.411,4.84,1.12,1.16,0.088,0.053,175.5,39.3,1.5,2.4,5.4,0.8,51.26
NEON.PLA.D19.DEJU.03621,D19,PIGL,3.9,Picea glauca (Moench) Voss,544.8,DEJU,63.835171,-145.748058,261,14.97,17.93,0.058,0.198,0.913,4.09,1.04,1.07,0.058,0.054,1219.8,77.3,1.4,6.7,16.6,0.76,51.26
NEON.PLA.D19.DEJU.03622,D19,PIGL,2.7,Picea glauca (Moench) Voss,544.8,DEJU,63.835171,-145.748058,268,14.85,19.36,0.07250000000000001,0.23099999999999998,1.0190000000000001,5.72,1.57,1.26,0.1385,0.0545,571.0999999999999,68.4,2.5,18.200000000000003,6,0.83,51.52
NEON.PLA.D19.DEJU.03811,D19,POTR5,1.8,Populus tremuloides Michx.,515.1,DEJU,63.879623,-145.720429,77,20.45,16.29,0.201,0.709,1.132,12.02,2.49,3.86,0.406,0.152,66.1,82.5,5.1,9.8,16.2,2.18,51.08
NEON.PLA.D19.DEJU.03885,D19,PIMA,0.8,"Picea mariana (Mill.) Britton, Sterns & Poggenb.",515.1,DEJU,63.879623,-145.720429,206.6,17.58,19.47,0.114,0.465,0.484,3.74,0.88,1.17,0.069,0.061,577.1,31.3,2,15.5,22.1,0.85,51.21
NEON.PLA.D19.DEJU.03949,D19,PIMA,3.2,"Picea mariana (Mill.) Britton, Sterns & Poggenb.",574.4,DEJU,63.857875,-145.759874,362.4,16.19,17.33,0.062,0.236,2.048,6.26,1.56,1.57,0.059,0.047,1583.5,103.8,1.8,9.4,56.7,0.74,49.86
NEON.PLA.D19.DEJU.03952,D19,PIMA,2.9,"Picea mariana (Mill.) Britton, Sterns & Poggenb.",574.4,DEJU,63.857875,-145.759874,289.8,15.78,18.41,0.087,0.328,1.391,6.37,1.78,1.71,0.104,0.047,456.1,61.6,1.6,9.6,16.6,0.78,51.23
